,datetime,latitude,longitude,speed,course
2808,2018-08-29 13:52:00,50.819445366667004,-1.3115376,0.0,0.0
2809,2018-08-29 13:52:01,50.81944615,-1.3115302166667,2.0372,88.5
2810,2018-08-29 13:52:02,50.819449333333,-1.31152225,2.5928,36.6
2811,2018-08-29 13:52:04,50.81945365,-1.3115023833333002,2.4076,84.9
2812,2018-08-29 13:52:05,50.819456716667005,-1.3114941,0.0,0.0
2813,2018-08-29 13:52:06,50.8194599,-1.3114893166666999,1.8519999999999999,85.1
2814,2018-08-29 13:52:07,50.819459866667,-1.3114837833333,0.0,0.0
2815,2018-08-29 13:52:08,50.819461333332995,-1.3114801,0.0,0.0
2816,2018-08-29 13:52:09,50.8194656,-1.31147615,2.0372,85.2
2817,2018-08-29 13:52:10,50.8194682,-1.3114708833333,1.8519999999999999,85.0
2818,2018-08-29 13:52:11,50.819469833332995,-1.3114659333333,0.0,0.0
2819,2018-08-29 13:52:12,50.819469883333,-1.3114587166667,2.2224,84.3
2820,2018-08-29 13:52:18,50.81948965,-1.3114302166667,1.8519999999999999,85.1
2821,2018-08-29 13:52:19,50.8194933,-1.31142495,2.4076,84.8
2822,2018-08-29 13:52:20,50.81949465,-1.3114172333333,2.4076,84.6
2823,2018-08-29 13:52:21,50.8194972,-1.3114116166667,0.0,0.0
2824,2018-08-29 13:52:22,50.819500933332996,-1.31140575,2.0372,85.2
2825,2018-08-29 13:52:23,50.819504366667005,-1.3114020666667,1.8519999999999999,84.8
2826,2018-08-29 13:52:24,50.8195076,-1.3113963666667,2.2224,84.4
2827,2018-08-29 13:52:25,50.819510733333,-1.3113878166667,2.4076,84.7
2828,2018-08-29 13:52:26,50.819515466667006,-1.3113792666667,2.9632,38.3
2829,2018-08-29 13:52:27,50.819520083332996,-1.3113692,3.1484,59.4
2830,2018-08-29 13:52:28,50.819522466667,-1.3113625,0.0,0.0
2831,2018-08-29 13:52:29,50.819522933333,-1.3113602333333,0.0,0.0
2832,2018-08-29 13:52:30,50.819524283332996,-1.3113567166667,0.0,0.0
2833,2018-08-29 13:52:31,50.81952708333299,-1.3113519333333001,2.0372,59.3
2834,2018-08-29 13:52:32,50.819529433332995,-1.3113496666667,0.0,0.0
2835,2018-08-29 13:52:33,50.819532366667005,-1.3113458166667,0.0,0.0
2836,2018-08-29 13:52:34,50.819534466667,-1.3113414666667,0.0,0.0
2837,2018-08-29 13:52:35,50.819536600000006,-1.3113344999999998,2.2224,59.7
2838,2018-08-29 13:52:36,50.819539566667004,-1.31132545,2.9632,69.2
2839,2018-08-29 13:52:37,50.819541716667004,-1.3113172333333,2.2224,69.3
2840,2018-08-29 13:52:39,50.819548416667004,-1.3113102833333001,2.0372,68.2
2841,2018-08-29 13:52:40,50.81955231666701,-1.3113059166667,0.0,0.0
2842,2018-08-29 13:52:41,50.819555116667004,-1.31130265,0.0,0.0
2843,2018-08-29 13:52:42,50.8195576,-1.3113009666667,2.2224,68.5
2844,2018-08-29 13:52:43,50.819561666667006,-1.3112967,2.2224,69.0
2845,2018-08-29 13:52:44,50.8195617,-1.3112898333333,2.2224,69.3
2846,2018-08-29 13:52:45,50.81956115,-1.31128815,0.0,0.0
2847,2018-08-29 13:52:46,50.81956485,-1.3112854666667,0.0,0.0
2848,2018-08-29 13:52:47,50.81956811666701,-1.3112822833333,2.2224,69.3
2849,2018-08-29 13:52:48,50.8195726,-1.3112747333333001,0.0,0.0
2850,2018-08-29 13:52:49,50.8195759,-1.3112702166666999,0.0,0.0
2851,2018-08-29 13:52:50,50.819579183333,-1.3112685333333,0.0,0.0
2852,2018-08-29 13:52:51,50.819582283333,-1.3112646000000001,0.0,0.0
2853,2018-08-29 13:52:52,50.819584116667,-1.31126065,0.0,0.0
2854,2018-08-29 13:52:53,50.819585633333,-1.3112583999999998,0.0,0.0
2855,2018-08-29 13:52:54,50.819585499999995,-1.31125555,0.0,0.0
2856,2018-08-29 13:52:55,50.819584666667005,-1.31125345,0.0,0.0
2857,2018-08-29 13:52:57,50.819585083332996,-1.3112500166667,0.0,0.0
2858,2018-08-29 13:52:58,50.819586133333,-1.3112474166666999,0.0,0.0
2859,2018-08-29 13:52:59,50.819591366667005,-1.3112417166666999,2.0372,69.6
2860,2018-08-29 13:53:00,50.819593133332994,-1.3112362666667,0.0,0.0
2861,2018-08-29 13:53:01,50.819594516667,-1.3112302333333001,2.0372,69.1
2862,2018-08-29 13:53:02,50.819595566667005,-1.3112227666667,0.0,0.0
2863,2018-08-29 13:53:03,50.819594133333,-1.3112164,0.0,0.0
2864,2018-08-29 13:53:04,50.819594183332995,-1.3112112833333,0.0,0.0
2865,2018-08-29 13:53:05,50.819596816667,-1.31120735,0.0,0.0
2866,2018-08-29 13:53:06,50.819599666667,-1.3112028166667,0.0,0.0
2867,2018-08-29 13:53:07,50.819603366667,-1.31120065,0.0,0.0
2868,2018-08-29 13:53:08,50.819605583332994,-1.3111970333333,0.0,0.0
2869,2018-08-29 13:53:09,50.819605333332994,-1.31119175,0.0,0.0
2870,2018-08-29 13:53:10,50.8196044,-1.3111874,0.0,0.0
2871,2018-08-29 13:53:11,50.8196078,-1.3111857166667,0.0,0.0
2872,2018-08-29 13:53:12,50.8196104,-1.31118095,0.0,0.0
2873,2018-08-29 13:53:13,50.819612033332994,-1.3111769166667,0.0,0.0
2874,2018-08-29 13:53:14,50.81961336666701,-1.3111733166667,0.0,0.0
2875,2018-08-29 13:53:15,50.819613166667004,-1.31117105,0.0,0.0
2876,2018-08-29 13:53:16,50.819615433333,-1.3111673666666999,0.0,0.0
2877,2018-08-29 13:53:17,50.819616933332995,-1.3111631833333,0.0,0.0
2878,2018-08-29 13:53:18,50.819618283333,-1.3111604166667,2.9632,357.9
2879,2018-08-29 13:53:19,50.81962415,-1.3111572166667,2.5928,357.5
2880,2018-08-29 13:53:20,50.81963115,-1.3111518666667,2.4076,358.7
2881,2018-08-29 13:53:22,50.819631433332994,-1.3111419666667,0.0,0.0
2882,2018-08-29 13:53:23,50.819632899999995,-1.31113945,1.8519999999999999,358.3
2883,2018-08-29 13:53:24,50.819635716667,-1.3111334166667,0.0,0.0
2884,2018-08-29 13:53:25,50.81963705,-1.3111289833333,0.0,0.0
2885,2018-08-29 13:53:26,50.81963835,-1.3111221000000002,0.0,0.0
2886,2018-08-29 13:53:27,50.819637799999995,-1.3111205166667,0.0,0.0
2887,2018-08-29 13:53:28,50.81963735,-1.31111665,2.2224,358.6
2888,2018-08-29 13:53:29,50.819638733332994,-1.3111093666667,0.0,0.0
2889,2018-08-29 13:53:30,50.819640233333,-1.3111026666667,0.0,0.0
2890,2018-08-29 13:53:31,50.819642583333,-1.3110996333333,0.0,0.0
2891,2018-08-29 13:53:32,50.819644216667,-1.3110967833333,0.0,0.0
2892,2018-08-29 13:53:33,50.819645233333,-1.3110941166666998,0.0,0.0
2893,2018-08-29 13:53:34,50.819644433332996,-1.3110898333333,0.0,0.0
2894,2018-08-29 13:53:35,50.819644216667,-1.3110854833333,0.0,0.0
2895,2018-08-29 13:53:36,50.819644433332996,-1.3110802833333,0.0,0.0
2896,2018-08-29 13:53:37,50.819645066667,-1.3110772666666999,0.0,0.0
2897,2018-08-29 13:53:38,50.81964316666701,-1.3110769333333,0.0,0.0
2898,2018-08-29 13:53:39,50.819646316667004,-1.3110703833333,0.0,0.0
2899,2018-08-29 13:53:40,50.81965075,-1.3110689666667,0.0,0.0
2900,2018-08-29 13:53:41,50.819655866667006,-1.3110675333333,1.8519999999999999,358.3
2901,2018-08-29 13:53:42,50.819658683332996,-1.31106385,0.0,0.0
2902,2018-08-29 13:53:43,50.819659566667006,-1.3110621666667,0.0,0.0
2903,2018-08-29 13:53:44,50.819660566667004,-1.3110615833333001,0.0,0.0
2904,2018-08-29 13:53:45,50.81966328333299,-1.31105865,2.0372,358.5
2905,2018-08-29 13:53:46,50.81966325,-1.3110507666667,2.4076,357.4
2906,2018-08-29 13:53:47,50.819661033333,-1.3110430666667,0.0,0.0
2907,2018-08-29 13:53:48,50.819661283333,-1.3110392833333,0.0,0.0
2908,2018-08-29 13:53:49,50.819662783332994,-1.31103635,0.0,0.0
2909,2018-08-29 13:53:50,50.81966375,-1.31103065,1.8519999999999999,358.4
2910,2018-08-29 13:53:51,50.819663533333,-1.3110258833333,0.0,0.0
2911,2018-08-29 13:53:52,50.819663333333,-1.31101875,0.0,0.0
2912,2018-08-29 13:53:53,50.819664883333,-1.3110118833333,1.8519999999999999,358.4
2913,2018-08-29 13:53:54,50.819666733332994,-1.3110065166667,0.0,0.0
2914,2018-08-29 13:53:56,50.819670033333,-1.3110002333333,0.0,0.0
2915,2018-08-29 13:53:57,50.819674266667,-1.3109963,1.8519999999999999,358.3
2916,2018-08-29 13:53:58,50.819676483333,-1.3109876666667,2.778,86.7
2917,2018-08-29 13:53:59,50.8196793,-1.31098095,0.0,0.0
2918,2018-08-29 13:54:00,50.819680883333,-1.3109719,0.0,0.0
2919,2018-08-29 13:54:01,50.81968315,-1.3109671999999999,1.8519999999999999,86.6
2920,2018-08-29 13:54:02,50.8196876,-1.3109637666667,1.8519999999999999,86.7
2921,2018-08-29 13:54:03,50.819687633333,-1.31095765,0.0,0.0
2922,2018-08-29 13:54:04,50.819686883333,-1.3109562333333,0.0,0.0
2923,2018-08-29 13:54:05,50.819687383333,-1.3109531333333,0.0,0.0
2924,2018-08-29 13:54:06,50.819688183333,-1.3109486000000001,0.0,0.0
2925,2018-08-29 13:54:07,50.81969065,-1.3109455,0.0,0.0
2926,2018-08-29 13:54:08,50.81969275,-1.3109422333333,0.0,0.0
2927,2018-08-29 13:54:09,50.819694433333,-1.3109402166667,0.0,0.0
2928,2018-08-29 13:54:10,50.819693216667005,-1.3109396333333,0.0,0.0
2929,2018-08-29 13:54:11,50.819692833332994,-1.3109341833333001,0.0,0.0
2930,2018-08-29 13:54:12,50.819694683333,-1.3109315000000001,0.0,0.0
2931,2018-08-29 13:54:13,50.81969355,-1.3109243833333,2.4076,86.1
2932,2018-08-29 13:54:14,50.8196935,-1.310917,0.0,0.0
2933,2018-08-29 13:54:15,50.819694216667,-1.3109122166667,0.0,0.0
2934,2018-08-29 13:54:16,50.819693716667004,-1.3109083666666999,0.0,0.0
2935,2018-08-29 13:54:17,50.819695566667,-1.31090685,0.0,0.0
2936,2018-08-29 13:54:18,50.819695683332995,-1.3109014166667,2.2224,85.9
2937,2018-08-29 13:54:19,50.819696766667,-1.3108942833333002,0.0,0.0
2938,2018-08-29 13:54:20,50.8197,-1.3108873333333,1.8519999999999999,86.5
2939,2018-08-29 13:54:21,50.819702299999996,-1.3108821333333,0.0,0.0
2940,2018-08-29 13:54:23,50.81970235,-1.3108801166667,0.0,0.0
2941,2018-08-29 13:54:24,50.819703016667006,-1.31087735,0.0,0.0
2942,2018-08-29 13:54:25,50.8197057,-1.3108750833333,0.0,0.0
2943,2018-08-29 13:54:26,50.81970675,-1.3108682166666998,3.3336,101.3
2944,2018-08-29 13:54:27,50.819706083332996,-1.31085925,0.0,0.0
2945,2018-08-29 13:54:28,50.81970755,-1.3108517,1.8519999999999999,102.0
2946,2018-08-29 13:54:29,50.819712033333,-1.3108467666666999,0.0,0.0
2947,2018-08-29 13:54:30,50.819714833332995,-1.3108398833333001,2.2224,101.9
2948,2018-08-29 13:54:31,50.8197174,-1.31083385,0.0,0.0
2949,2018-08-29 13:54:32,50.8197184,-1.3108299166667,0.0,0.0
2950,2018-08-29 13:54:33,50.81971970000001,-1.3108246333333,0.0,0.0
2951,2018-08-29 13:54:34,50.81972335,-1.3108211166666999,0.0,0.0
2952,2018-08-29 13:54:35,50.819726700000004,-1.3108156666667,0.0,0.0
2953,2018-08-29 13:54:36,50.81972775,-1.31081005,0.0,0.0
2954,2018-08-29 13:54:37,50.81973005,-1.3108071166667,0.0,0.0
2955,2018-08-29 13:54:38,50.81973411666701,-1.31080435,0.0,0.0
2956,2018-08-29 13:54:39,50.819735533332995,-1.3107982333333001,0.0,0.0
2957,2018-08-29 13:54:40,50.8197365,-1.3107953,0.0,0.0
2958,2018-08-29 13:54:41,50.819739433333,-1.3107904333333,0.0,0.0
2959,2018-08-29 13:54:42,50.819742583332996,-1.3107837333333001,0.0,0.0
2960,2018-08-29 13:54:43,50.81974501666701,-1.3107796166666998,0.0,0.0
2961,2018-08-29 13:54:44,50.819747066667006,-1.3107740833333001,0.0,0.0
2962,2018-08-29 13:54:45,50.81974933333299,-1.3107692333333,0.0,0.0
2963,2018-08-29 13:54:47,50.81975088333299,-1.3107642,0.0,0.0
2964,2018-08-29 13:54:48,50.81975171666701,-1.31075515,2.4076,101.8
2965,2018-08-29 13:54:49,50.8197539,-1.3107481833333001,2.0372,101.3
2966,2018-08-29 13:54:50,50.81975775,-1.3107460166667,0.0,0.0
2967,2018-08-29 13:54:51,50.819759766667005,-1.3107418166667,1.8519999999999999,102.0
2968,2018-08-29 13:54:52,50.8197601,-1.3107357833333,0.0,0.0
2969,2018-08-29 13:54:53,50.819761566667005,-1.31073435,0.0,0.0
2970,2018-08-29 13:54:54,50.819763666667,-1.31072815,2.5928,101.3
2971,2018-08-29 13:54:55,50.819765333332995,-1.31071985,2.4076,100.8
2972,2018-08-29 13:54:56,50.819767183333,-1.3107158333333,0.0,0.0
2973,2018-08-29 13:54:57,50.819768566667,-1.3107103,2.5928,101.1
2974,2018-08-29 13:54:58,50.819768783333,-1.3107034333333,2.2224,101.3
2975,2018-08-29 13:54:59,50.81976945,-1.3106978999999999,0.0,0.0
2976,2018-08-29 13:55:00,50.819769483333,-1.3106957166667,0.0,0.0
2977,2018-08-29 13:55:01,50.819772799999996,-1.3106892666667,2.5928,101.1
2978,2018-08-29 13:55:02,50.81977636666701,-1.31068365,2.4076,101.6
2979,2018-08-29 13:55:03,50.819779083332996,-1.3106781166666999,0.0,0.0
2980,2018-08-29 13:55:04,50.819778966667,-1.3106724166666999,0.0,0.0
2981,2018-08-29 13:55:05,50.8197777,-1.3106688999999998,0.0,0.0
2982,2018-08-29 13:55:06,50.819777866667,-1.3106674666667,0.0,0.0
2983,2018-08-29 13:55:07,50.819778583333,-1.3106673833333,0.0,0.0
2984,2018-08-29 13:55:08,50.819779633333,-1.3106668,0.0,0.0
2985,2018-08-29 13:55:09,50.819780216667006,-1.31065985,2.2224,101.0
2986,2018-08-29 13:55:11,50.819784233332996,-1.3106487,0.0,0.0
2987,2018-08-29 13:55:12,50.819784483332995,-1.3106467666666999,0.0,0.0
2988,2018-08-29 13:55:13,50.819786416667,-1.310645,0.0,0.0
2989,2018-08-29 13:55:14,50.819788516667,-1.3106382166666999,0.0,0.0
2990,2018-08-29 13:55:15,50.81979195,-1.3106321,1.8519999999999999,101.6
2991,2018-08-29 13:55:16,50.819793716667,-1.3106263166667,2.2224,101.3
2992,2018-08-29 13:55:17,50.81979551666701,-1.3106191833333,2.0372,101.3
2993,2018-08-29 13:55:18,50.819798616667,-1.31061055,2.2224,101.3
2994,2018-08-29 13:55:19,50.819800966667,-1.31060235,1.8519999999999999,102.0
2995,2018-08-29 13:55:20,50.81980335,-1.3105953833333,0.0,0.0
2996,2018-08-29 13:55:21,50.81980545,-1.3105894333333001,0.0,0.0
2997,2018-08-29 13:55:22,50.81980581666701,-1.3105834833333,1.8519999999999999,100.3
2998,2018-08-29 13:55:23,50.81980565,-1.3105787833333,0.0,0.0
2999,2018-08-29 13:55:24,50.819806666667006,-1.3105749333333,0.0,0.0
3000,2018-08-29 13:55:25,50.8198088,-1.3105716666667,2.2224,101.0
3001,2018-08-29 13:55:26,50.8198124,-1.31056655,2.2224,101.0
3002,2018-08-29 13:55:27,50.819815000000006,-1.3105616833333,0.0,0.0
3003,2018-08-29 13:55:28,50.819816433332996,-1.3105586666667,0.0,0.0
3004,2018-08-29 13:55:29,50.819815383332994,-1.31055415,0.0,0.0
3005,2018-08-29 13:55:30,50.819815966667,-1.3105482,0.0,0.0
3006,2018-08-29 13:55:31,50.819816433332996,-1.3105404833333,2.4076,101.8
3007,2018-08-29 13:55:32,50.81981785,-1.3105342,2.0372,101.3
3008,2018-08-29 13:55:33,50.819820116667,-1.3105274166667,2.2224,101.0
3009,2018-08-29 13:55:34,50.819821166667005,-1.31052095,0.0,0.0
3010,2018-08-29 13:55:35,50.819822133333,-1.3105176,0.0,0.0
3011,2018-08-29 13:55:36,50.819825066667,-1.31051525,0.0,0.0
3012,2018-08-29 13:55:37,50.819826783333,-1.3105118166667,2.2224,101.6
3013,2018-08-29 13:55:38,50.8198285,-1.3105065333333001,0.0,0.0
3014,2018-08-29 13:55:39,50.81982775,-1.3105041000000002,0.0,0.0
3015,2018-08-29 13:55:40,50.819825433332994,-1.3105041000000002,0.0,0.0
3016,2018-08-29 13:55:41,50.819825733333,-1.3105030166667,0.0,0.0
3017,2018-08-29 13:55:42,50.819828116667004,-1.31049665,2.0372,101.0
3018,2018-08-29 13:55:43,50.819831133333,-1.3104913666667,2.0372,100.4
3019,2018-08-29 13:55:44,50.819833700000004,-1.31048415,2.2224,101.6
3020,2018-08-29 13:55:46,50.8198375,-1.3104725,2.0372,101.0
3021,2018-08-29 13:55:47,50.8198406,-1.3104653833333,2.4076,101.8
3022,2018-08-29 13:55:48,50.819843716667,-1.3104571666667,2.4076,101.6
3023,2018-08-29 13:55:49,50.819846016667,-1.3104502166667,2.4076,101.8
3024,2018-08-29 13:55:50,50.819851466667004,-1.3104341166667,3.8892,68.1
3025,2018-08-29 13:55:51,50.819854483332996,-1.3104283333333,0.0,0.0
3026,2018-08-29 13:55:52,50.819856233333,-1.3104258166667,0.0,0.0
3027,2018-08-29 13:55:53,50.81985728333299,-1.3104265666666999,0.0,0.0
3028,2018-08-29 13:55:54,50.819859133333,-1.31042515,0.0,0.0
3029,2018-08-29 13:55:55,50.81985925,-1.3104224666667,0.0,0.0
3030,2018-08-29 13:55:56,50.81986035,-1.31041945,0.0,0.0
3031,2018-08-29 13:55:57,50.8198609,-1.3104202833333,0.0,0.0
3032,2018-08-29 13:55:58,50.819862533332994,-1.3104200333333,0.0,0.0
3033,2018-08-29 13:55:59,50.819865466667004,-1.31041785,0.0,0.0
3034,2018-08-29 13:56:00,50.8198686,-1.31041325,2.0372,68.5
3035,2018-08-29 13:56:01,50.819871866667,-1.3104092166666998,0.0,0.0
3036,2018-08-29 13:56:02,50.819870283332996,-1.3104036000000001,1.8519999999999999,68.8
3037,2018-08-29 13:56:03,50.81987308333299,-1.3103989166667,0.0,0.0
3038,2018-08-29 13:56:04,50.819875566667,-1.3103962333333001,2.0372,68.5
3039,2018-08-29 13:56:05,50.819876516667,-1.3103952333333,0.0,0.0
3040,2018-08-29 13:56:06,50.819873416667,-1.3104004166667,0.0,0.0
3041,2018-08-29 13:56:07,50.819870116667005,-1.3104021000000001,0.0,0.0
3042,2018-08-29 13:56:08,50.819869816667,-1.3104029333333,0.0,0.0
3043,2018-08-29 13:56:09,50.81986865,-1.3104100666667,2.4076,67.5
3044,2018-08-29 13:56:10,50.8198658,-1.3104195333333,3.8892,198.9
3045,2018-08-29 13:56:11,50.8198621,-1.3104285833333,2.4076,198.9
3046,2018-08-29 13:56:12,50.819859433332994,-1.3104357166667,2.9632,208.5
3047,2018-08-29 13:56:14,50.819850883333,-1.31045205,2.4076,210.1
3048,2018-08-29 13:56:15,50.81984765,-1.3104604333333,2.0372,210.1
3049,2018-08-29 13:56:16,50.81984543333299,-1.3104653833333,0.0,0.0
3050,2018-08-29 13:56:17,50.819843666667005,-1.31047075,0.0,0.0
3051,2018-08-29 13:56:18,50.819842066667,-1.3104772833333,1.8519999999999999,210.4
3052,2018-08-29 13:56:19,50.819839316667,-1.31048625,2.5928,209.9
3053,2018-08-29 13:56:20,50.819837333333,-1.3104946333333,2.0372,209.9
3054,2018-08-29 13:56:21,50.819835583332996,-1.3105025166667,2.778,257.1
3055,2018-08-29 13:56:22,50.819831766667,-1.3105108166666999,2.4076,257.2
3056,2018-08-29 13:56:23,50.819827916667,-1.3105224666667,2.5928,257.7
3057,2018-08-29 13:56:24,50.819824516667005,-1.3105304333333,2.0372,257.8
3058,2018-08-29 13:56:25,50.819820483333,-1.3105364666666999,1.8519999999999999,256.8
3059,2018-08-29 13:56:26,50.81981835,-1.3105434166667,2.4076,257.2
3060,2018-08-29 13:56:27,50.819815383332994,-1.3105502,2.2224,257.6
3061,2018-08-29 13:56:28,50.819810983333,-1.3105580833333002,2.0372,257.1
3062,2018-08-29 13:56:29,50.819805200000005,-1.31056345,2.778,190.4
3063,2018-08-29 13:56:31,50.81979828333299,-1.31057385,0.0,0.0
3064,2018-08-29 13:56:32,50.81979555,-1.31058155,2.2224,191.0
3065,2018-08-29 13:56:33,50.819793216667,-1.3105926166667,2.778,253.7
3066,2018-08-29 13:56:34,50.819789516667,-1.3106062833333,2.5928,249.3
3067,2018-08-29 13:56:35,50.8197876,-1.3106153333333002,2.5928,248.4
3068,2018-08-29 13:56:36,50.819787166667005,-1.3106262333333,2.5928,248.4
3069,2018-08-29 13:56:37,50.81978005,-1.3106322666666999,2.5928,248.9
3070,2018-08-29 13:56:38,50.819776616667006,-1.3106345333333,2.4076,249.1
3071,2018-08-29 13:56:39,50.819774016667004,-1.31064115,2.2224,248.5
3072,2018-08-29 13:56:40,50.81977003333299,-1.31065565,3.8892,240.9
3073,2018-08-29 13:56:41,50.819767600000006,-1.31066755,2.4076,240.6
3074,2018-08-29 13:56:42,50.819766766667,-1.3106755166667,1.8519999999999999,241.3
3075,2018-08-29 13:56:43,50.819767766667006,-1.3106823,1.8519999999999999,241.1
3076,2018-08-29 13:56:44,50.819767183333,-1.3106879166667,0.0,0.0
3077,2018-08-29 13:56:45,50.819764500000005,-1.3106917833333,0.0,0.0
3078,2018-08-29 13:56:46,50.819762483332994,-1.31069455,0.0,0.0
3079,2018-08-29 13:56:47,50.819759633333,-1.3107003333333,2.2224,240.8
3080,2018-08-29 13:56:49,50.81975445,-1.3107139833333001,2.2224,240.9
3081,2018-08-29 13:56:50,50.819748116667,-1.3107279833333,2.9632,222.8
3082,2018-08-29 13:56:51,50.819743666667,-1.3107361166667,2.5928,223.3
3083,2018-08-29 13:56:52,50.81973705,-1.3107479333333,3.5188,223.1
3084,2018-08-29 13:56:53,50.8197329,-1.3107580833333001,2.5928,254.5
3085,2018-08-29 13:56:54,50.819730883332994,-1.3107673,2.5928,255.1
3086,2018-08-29 13:56:55,50.819728666667004,-1.3107761833333,1.8519999999999999,254.7
3087,2018-08-29 13:56:56,50.819728116667,-1.3107828833333,0.0,0.0
3088,2018-08-29 13:56:57,50.819729083332994,-1.3107888333333,0.0,0.0
3089,2018-08-29 13:56:58,50.819729666667,-1.3107947,0.0,0.0
3090,2018-08-29 13:56:59,50.81972741666701,-1.3108006666667,1.8519999999999999,254.7
3091,2018-08-29 13:57:00,50.819724683333,-1.31080535,0.0,0.0
3092,2018-08-29 13:57:01,50.819723633333,-1.3108118,1.8519999999999999,254.7
3093,2018-08-29 13:57:02,50.81972191666701,-1.3108169166666999,1.8519999999999999,254.3
3094,2018-08-29 13:57:03,50.819719233333,-1.3108222833333,2.2224,255.3
3095,2018-08-29 13:57:04,50.819713116667,-1.3108284,3.1484,197.8
3096,2018-08-29 13:57:05,50.819706966667006,-1.3108325166666999,2.778,202.4
3097,2018-08-29 13:57:06,50.81969815,-1.31084055,4.0744,201.4
3098,2018-08-29 13:57:07,50.81969015,-1.3108516166667,2.5928,201.6
3099,2018-08-29 13:57:08,50.819685466667,-1.3108626833333001,2.4076,202.0
3100,2018-08-29 13:57:09,50.81968425,-1.3108707333333,2.0372,201.5
3101,2018-08-29 13:57:10,50.819683700000006,-1.3108787,2.778,249.7
3102,2018-08-29 13:57:11,50.81968181666701,-1.31088925,2.778,248.4
3103,2018-08-29 13:57:12,50.819679133333,-1.31089915,2.9632,245.8
3104,2018-08-29 13:57:14,50.81967335,-1.31091575,2.0372,216.3
3105,2018-08-29 13:57:15,50.819673216667006,-1.3109226999999999,0.0,0.0
3106,2018-08-29 13:57:16,50.81967225,-1.3109247166667,0.0,0.0
3107,2018-08-29 13:57:17,50.819667733333,-1.3109288166667,2.5928,216.4
3108,2018-08-29 13:57:18,50.819667016667005,-1.3109351833333,0.0,0.0
3109,2018-08-29 13:57:19,50.819667566667,-1.3109355166667,0.0,0.0
3110,2018-08-29 13:57:20,50.819665966667,-1.3109402166667,0.0,0.0
3111,2018-08-29 13:57:21,50.819666216667,-1.3109453333333,0.0,0.0
3112,2018-08-29 13:57:22,50.8196661,-1.3109489333333,0.0,0.0
3113,2018-08-29 13:57:23,50.819664666667,-1.3109525333333,0.0,0.0
3114,2018-08-29 13:57:24,50.819665383332996,-1.3109528666666999,0.0,0.0
3115,2018-08-29 13:57:25,50.819666133332994,-1.3109558833333002,0.0,0.0
3116,2018-08-29 13:57:26,50.819666516667006,-1.3109556333333001,0.0,0.0
3117,2018-08-29 13:57:27,50.819665466667004,-1.3109558833333002,0.0,0.0
3118,2018-08-29 13:57:28,50.819664716667006,-1.3109606666667,0.0,0.0
3119,2018-08-29 13:57:29,50.819662833333,-1.3109608333333,0.0,0.0
3120,2018-08-29 13:57:30,50.819660566667004,-1.3109637666667,0.0,0.0
3121,2018-08-29 13:57:31,50.81965725,-1.3109704833333,2.2224,216.0
3122,2018-08-29 13:57:32,50.819653016667004,-1.3109800333333002,3.1484,242.5
3123,2018-08-29 13:57:33,50.819648616667,-1.3109876666667,2.778,222.6
3124,2018-08-29 13:57:34,50.819643216667004,-1.3109957833333001,3.3336,232.4
3125,2018-08-29 13:57:35,50.819638183333,-1.3110039166667,3.1484,231.3
3126,2018-08-29 13:57:36,50.819634366667,-1.3110155666667,3.3336,238.4
3127,2018-08-29 13:57:37,50.819634083333,-1.3110233666667,2.0372,238.8
3128,2018-08-29 13:57:38,50.819631766667,-1.3110349333333,2.9632,247.2
3129,2018-08-29 13:57:39,50.81962905,-1.3110465,2.5928,246.8
3130,2018-08-29 13:57:41,50.8196205,-1.31106595,3.1484,232.1
3131,2018-08-29 13:57:42,50.8196166,-1.3110748333333,2.778,243.4
3132,2018-08-29 13:57:43,50.819613083332996,-1.31108405,2.778,253.4
3133,2018-08-29 13:57:44,50.819609899999996,-1.3110914333333001,2.778,241.9
3134,2018-08-29 13:57:45,50.819607416667004,-1.3110993,2.778,261.9
3135,2018-08-29 13:57:46,50.819603233333,-1.3111095333333,2.778,231.3
3136,2018-08-29 13:57:47,50.819597833333,-1.3111158166666999,2.9632,223.5
3137,2018-08-29 13:57:48,50.819592333333,-1.3111245333333001,2.778,219.2
3138,2018-08-29 13:57:49,50.819589566667005,-1.3111320833333,2.0372,219.4
3139,2018-08-29 13:57:50,50.8195886,-1.3111391166667,2.4076,219.5
3140,2018-08-29 13:57:51,50.819587516667006,-1.3111452333333,0.0,0.0
3141,2018-08-29 13:57:52,50.819582816667,-1.31115135,2.9632,209.5
3142,2018-08-29 13:57:53,50.819580133333,-1.3111575666667,2.0372,209.4
3143,2018-08-29 13:57:54,50.81957758333299,-1.3111662833333,2.5928,208.7
3144,2018-08-29 13:57:55,50.819573766667006,-1.3111759166666999,2.2224,209.1
3145,2018-08-29 13:57:56,50.81957125,-1.3111812,0.0,0.0
3146,2018-08-29 13:57:57,50.819568783333,-1.3111868999999998,2.2224,208.5
3147,2018-08-29 13:57:58,50.819567483332996,-1.3111939333333,1.8519999999999999,208.7
3148,2018-08-29 13:57:59,50.819564383332995,-1.3112020666667,2.5928,208.7
3149,2018-08-29 13:58:01,50.819559399999996,-1.3112165666667,2.778,225.0
3150,2018-08-29 13:58:02,50.819557933332995,-1.3112261166666999,2.5928,225.0
3151,2018-08-29 13:58:03,50.819557,-1.3112359333333001,2.4076,225.0
3152,2018-08-29 13:58:04,50.8195537,-1.31124615,3.1484,229.3
3153,2018-08-29 13:58:05,50.8195521,-1.31125705,3.1484,277.0
3154,2018-08-29 13:58:06,50.819550133332996,-1.3112659333333,2.2224,277.0
3155,2018-08-29 13:58:07,50.819547366667,-1.3112723999999998,2.2224,277.1
3156,2018-08-29 13:58:08,50.819545766667005,-1.3112812,2.4076,276.6
3157,2018-08-29 13:58:09,50.819547033332995,-1.3112825333333,0.0,0.0
3158,2018-08-29 13:58:10,50.819546616667004,-1.3112868166667,0.0,0.0
3159,2018-08-29 13:58:11,50.81954565,-1.3112920833333002,2.0372,276.3
3160,2018-08-29 13:58:12,50.819542833332996,-1.3112998,2.4076,276.8
3161,2018-08-29 13:58:13,50.819537266667005,-1.3113053333333,2.0372,276.2
3162,2018-08-29 13:58:14,50.819534499999996,-1.31130835,0.0,0.0
3163,2018-08-29 13:58:15,50.819532533332996,-1.3113158166667,2.5928,277.4
3164,2018-08-29 13:58:16,50.819530266667,-1.3113247,2.5928,277.3
3165,2018-08-29 13:58:17,50.819528383332994,-1.31133115,1.8519999999999999,276.7
3166,2018-08-29 13:58:18,50.81952495,-1.31133785,2.0372,277.5
3167,2018-08-29 13:58:19,50.819523100000005,-1.31134565,2.2224,277.3
3168,2018-08-29 13:58:20,50.819521633333,-1.3113558,2.2224,277.0
3169,2018-08-29 13:58:21,50.81951745,-1.3113630833333,3.5188,211.9
3170,2018-08-29 13:58:22,50.81951128333299,-1.3113692,1.8519999999999999,211.8
3171,2018-08-29 13:58:23,50.819506333332995,-1.3113739,2.5928,211.0
3172,2018-08-29 13:58:24,50.81950265,-1.3113816,3.1484,250.3
3173,2018-08-29 13:58:25,50.8195021,-1.3113895666667,1.8519999999999999,250.5
3174,2018-08-29 13:58:26,50.81950215,-1.3113952666667,0.0,0.0
3175,2018-08-29 13:58:28,50.819502016667,-1.31140885,1.8519999999999999,250.5
3176,2018-08-29 13:58:29,50.81950395,-1.3114141333333,0.0,0.0
3177,2018-08-29 13:58:30,50.81950395,-1.3114173166667,0.0,0.0
3178,2018-08-29 13:58:31,50.8195026,-1.3114239333333,0.0,0.0
3179,2018-08-29 13:58:32,50.81949975,-1.3114324,2.5928,251.2
3180,2018-08-29 13:58:33,50.81949725,-1.3114413666667,2.5928,250.8
3181,2018-08-29 13:58:34,50.8194936,-1.3114519333333001,2.9632,243.9
3182,2018-08-29 13:58:35,50.819488566667005,-1.3114636666667,3.8892,222.7
3183,2018-08-29 13:58:36,50.8194843,-1.3114737333333,2.778,246.0
3184,2018-08-29 13:58:37,50.8194824,-1.3114841166667,2.4076,246.3
3185,2018-08-29 13:58:38,50.819481616667005,-1.3114925833333,2.2224,246.0
3186,2018-08-29 13:58:39,50.8194765,-1.3114982,2.0372,245.4
3187,2018-08-29 13:58:40,50.81947335,-1.3115070833333,2.5928,246.2
3188,2018-08-29 13:58:41,50.819469366667,-1.3115158833333,2.778,248.0
3189,2018-08-29 13:58:42,50.81946585,-1.31152545,2.5928,248.4
3190,2018-08-29 13:58:43,50.819462583333,-1.3115323166667,3.1484,233.7
3191,2018-08-29 13:58:44,50.819458483332994,-1.3115428,2.9632,239.2
3192,2018-08-29 13:58:45,50.819455299999994,-1.3115529333333,3.1484,240.3
3193,2018-08-29 13:58:46,50.81945143333299,-1.3115625666667,2.9632,243.0
3194,2018-08-29 13:58:47,50.81944825,-1.3115700333333,2.2224,243.4
3195,2018-08-29 13:58:48,50.819443466667,-1.3115780833333,2.778,220.2
3196,2018-08-29 13:58:49,50.81944075,-1.3115858833333,2.4076,220.5
3197,2018-08-29 13:58:50,50.819437766667,-1.3115959333333,2.4076,219.6
3198,2018-08-29 13:58:51,50.819435216667,-1.3116028,2.2224,220.9
3199,2018-08-29 13:58:52,50.819433533333,-1.3116109333333001,2.0372,220.6
3200,2018-08-29 13:58:54,50.81943035,-1.31162645,2.0372,219.4
3201,2018-08-29 13:58:55,50.81942855,-1.3116356666667,2.5928,220.6
3202,2018-08-29 13:58:56,50.819427883333,-1.3116447166667,2.2224,219.8
3203,2018-08-29 13:58:57,50.819425916667,-1.3116541000000002,2.4076,219.5
3204,2018-08-29 13:58:58,50.819423983332996,-1.3116655000000002,2.9632,255.7
3205,2018-08-29 13:58:59,50.819422733333,-1.3116748,2.4076,255.7
3206,2018-08-29 13:59:00,50.819420766667,-1.3116807666666999,0.0,0.0
3207,2018-08-29 13:59:01,50.819419583332994,-1.3116845333333,0.0,0.0
3208,2018-08-29 13:59:02,50.81941765,-1.3116888,1.8519999999999999,256.8
3209,2018-08-29 13:59:03,50.81941551666701,-1.3116922333333,0.0,0.0
3210,2018-08-29 13:59:04,50.819413683332996,-1.31169585,0.0,0.0
3211,2018-08-29 13:59:05,50.81941125,-1.3117003666667,2.0372,255.6
3212,2018-08-29 13:59:06,50.819408316667,-1.3117040666667,0.0,0.0
3213,2018-08-29 13:59:07,50.819406883332995,-1.311707,0.0,0.0
3214,2018-08-29 13:59:08,50.819404916667004,-1.3117119333333,0.0,0.0
3215,2018-08-29 13:59:09,50.819403666667,-1.3117148666667,0.0,0.0
3216,2018-08-29 13:59:10,50.819403033332996,-1.3117162166667,0.0,0.0
3217,2018-08-29 13:59:11,50.819400733333,-1.3117185666667,0.0,0.0
3218,2018-08-29 13:59:12,50.81940315,-1.31171965,0.0,0.0
3219,2018-08-29 13:59:13,50.819402783333,-1.3117230833333,0.0,0.0
3220,2018-08-29 13:59:14,50.819402733333,-1.3117273666667,0.0,0.0
3221,2018-08-29 13:59:15,50.819399883333,-1.3117299666667,2.4076,256.3
3222,2018-08-29 13:59:16,50.819396999999995,-1.3117318,0.0,0.0
3223,2018-08-29 13:59:17,50.819394266667004,-1.3117343166667,0.0,0.0
3224,2018-08-29 13:59:18,50.819392766667,-1.3117378333333,0.0,0.0
3225,2018-08-29 13:59:20,50.819387016667,-1.3117461333333,0.0,0.0
3226,2018-08-29 13:59:21,50.819382033333,-1.3117497333333001,2.4076,256.3
3227,2018-08-29 13:59:22,50.819378799999996,-1.3117536833333001,0.0,0.0
3228,2018-08-29 13:59:23,50.819374866667005,-1.3117562833333,1.8519999999999999,256.0
3229,2018-08-29 13:59:24,50.819371683332996,-1.3117615666667,0.0,0.0
3230,2018-08-29 13:59:25,50.819370216667004,-1.3117644166667,0.0,0.0
3231,2018-08-29 13:59:26,50.819368666667,-1.3117689333333,0.0,0.0
3232,2018-08-29 13:59:27,50.8193667,-1.3117738,0.0,0.0
3233,2018-08-29 13:59:28,50.81936535,-1.31177875,0.0,0.0
3234,2018-08-29 13:59:29,50.8193643,-1.3117821000000003,0.0,0.0
3235,2018-08-29 13:59:30,50.8193651,-1.3117814333333,0.0,0.0
3236,2018-08-29 13:59:31,50.81936355,-1.3117863666667,0.0,0.0
3237,2018-08-29 13:59:32,50.819361,-1.3117831833333,0.0,0.0
3238,2018-08-29 13:59:33,50.819360283333,-1.31178805,0.0,0.0
3239,2018-08-29 13:59:34,50.819356683333,-1.3117912333333,2.5928,255.4
3240,2018-08-29 13:59:35,50.81935265,-1.3117962666667,0.0,0.0
3241,2018-08-29 13:59:36,50.819351483332994,-1.3117987833333,0.0,0.0
3242,2018-08-29 13:59:37,50.819349633333,-1.3118031333333,0.0,0.0
3243,2018-08-29 13:59:39,50.81934255,-1.3118116000000002,3.5188,189.0
3244,2018-08-29 13:59:40,50.81933685,-1.3118158666667,0.0,0.0
3245,2018-08-29 13:59:41,50.81933615,-1.3118204,0.0,0.0
3246,2018-08-29 13:59:42,50.819335383333,-1.3118252666666999,0.0,0.0
3247,2018-08-29 13:59:43,50.819335183332996,-1.3118297833333001,0.0,0.0
3248,2018-08-29 13:59:44,50.81933186666701,-1.31183565,0.0,0.0
3249,2018-08-29 13:59:45,50.81933175,-1.3118322166667,0.0,0.0
3250,2018-08-29 13:59:46,50.819332416667,-1.31183055,0.0,0.0
3251,2018-08-29 13:59:47,50.819330616667,-1.3118363333333,0.0,0.0
3252,2018-08-29 13:59:48,50.819327716667004,-1.31184085,1.8519999999999999,188.6
3253,2018-08-29 13:59:49,50.819327516667,-1.3118446166667,0.0,0.0
3254,2018-08-29 13:59:50,50.819324366667004,-1.3118503166667,2.4076,188.1
3255,2018-08-29 13:59:51,50.819319633332995,-1.3118513333333,0.0,0.0
3256,2018-08-29 13:59:52,50.81931715,-1.31185015,0.0,0.0
3257,2018-08-29 13:59:53,50.819316566667005,-1.3118536833333,0.0,0.0
3258,2018-08-29 13:59:54,50.8193133,-1.3118593833333,2.0372,189.0
3259,2018-08-29 13:59:55,50.819307766667,-1.3118656666667,2.9632,202.4
3260,2018-08-29 13:59:56,50.8193001,-1.3118705166667,3.1484,198.8
3261,2018-08-29 13:59:57,50.819295566667,-1.3118722833333,1.8519999999999999,199.0
3262,2018-08-29 13:59:58,50.81929273333299,-1.3118757166666999,0.0,0.0
3263,2018-08-29 13:59:59,50.81929125,-1.31188,0.0,0.0
3264,2018-08-29 14:00:00,50.819288283332995,-1.3118851999999999,2.0372,198.9
3265,2018-08-29 14:00:01,50.81928626666701,-1.3118887166667,0.0,0.0
3266,2018-08-29 14:00:02,50.81928615,-1.3118918166667,0.0,0.0
3267,2018-08-29 14:00:03,50.81928305,-1.3118956666666999,2.4076,198.4
3268,2018-08-29 14:00:04,50.819276383333,-1.31189735,2.778,184.4
3269,2018-08-29 14:00:05,50.819272516667006,-1.3118997,0.0,0.0
3270,2018-08-29 14:00:07,50.81926875,-1.31190615,0.0,0.0
3271,2018-08-29 14:00:08,50.819265866667,-1.3119112666666999,1.8519999999999999,183.5
3272,2018-08-29 14:00:09,50.819261916667,-1.3119166333333,2.5928,183.7
3273,2018-08-29 14:00:10,50.819258700000006,-1.3119199833333,0.0,0.0
3274,2018-08-29 14:00:11,50.81925706666701,-1.3119235,0.0,0.0
3275,2018-08-29 14:00:12,50.819255433333,-1.3119283666666999,0.0,0.0
3276,2018-08-29 14:00:13,50.81925375,-1.31193305,0.0,0.0
3277,2018-08-29 14:00:14,50.81925275,-1.3119353999999999,0.0,0.0
3278,2018-08-29 14:00:15,50.819251483333,-1.3119394166667,0.0,0.0
3279,2018-08-29 14:00:16,50.819248683332994,-1.3119437,2.0372,184.8
3280,2018-08-29 14:00:17,50.8192473,-1.3119484,0.0,0.0
3281,2018-08-29 14:00:18,50.819246583333,-1.3119525833333001,0.0,0.0
3282,2018-08-29 14:00:19,50.819244233332995,-1.31195585,2.4076,184.0
3283,2018-08-29 14:00:20,50.819240466667004,-1.3119587,0.0,0.0
3284,2018-08-29 14:00:21,50.819237983333,-1.3119629833333,0.0,0.0
3285,2018-08-29 14:00:22,50.81923731666701,-1.311967,0.0,0.0
3286,2018-08-29 14:00:23,50.81923405,-1.31197345,2.0372,184.5
3287,2018-08-29 14:00:24,50.819232116667,-1.3119783999999999,0.0,0.0
3288,2018-08-29 14:00:25,50.819228733333,-1.3119805833333,2.5928,184.8
3289,2018-08-29 14:00:26,50.81922701666701,-1.3119831,0.0,0.0
3290,2018-08-29 14:00:27,50.81922605,-1.3119873666667,0.0,0.0
3291,2018-08-29 14:00:28,50.819223366667,-1.3119898833333001,1.8519999999999999,183.4
3292,2018-08-29 14:00:29,50.8192229,-1.3119909666667,0.0,0.0
3293,2018-08-29 14:00:30,50.819224333333,-1.3119953333333,0.0,0.0
3294,2018-08-29 14:00:31,50.819223283332995,-1.3119963333333,0.0,0.0
3295,2018-08-29 14:00:33,50.81921955,-1.31200045,0.0,0.0
3296,2018-08-29 14:00:34,50.819218216667004,-1.3120057166666999,0.0,0.0
3297,2018-08-29 14:00:35,50.81921985,-1.3120069833333001,0.0,0.0
3298,2018-08-29 14:00:36,50.81921875,-1.312011,0.0,0.0
3299,2018-08-29 14:00:37,50.8192175,-1.3120130166667,0.0,0.0
3300,2018-08-29 14:00:38,50.819215566667005,-1.3120156166666999,0.0,0.0
3301,2018-08-29 14:00:39,50.81921636666701,-1.3120171166666998,0.0,0.0
3302,2018-08-29 14:00:40,50.819217,-1.3120202333333,0.0,0.0
3303,2018-08-29 14:00:41,50.81921645,-1.3120251666667,0.0,0.0
3304,2018-08-29 14:00:42,50.819215899999996,-1.3120281833333,0.0,0.0
3305,2018-08-29 14:00:43,50.8192162,-1.3120296999999999,0.0,0.0
3306,2018-08-29 14:00:44,50.819212683333,-1.3120328,2.5928,183.6
3307,2018-08-29 14:00:45,50.81920865,-1.3120368999999998,0.0,0.0
3308,2018-08-29 14:00:46,50.819205183333,-1.3120433666667,1.8519999999999999,183.5
3309,2018-08-29 14:00:47,50.819204966667,-1.3120461333333,1.8519999999999999,183.5
3310,2018-08-29 14:00:49,50.819205433332996,-1.3120530000000001,0.0,0.0
3311,2018-08-29 14:00:50,50.81920425,-1.3120561000000002,0.0,0.0
3312,2018-08-29 14:00:51,50.819201783333,-1.3120617166667,0.0,0.0
3313,2018-08-29 14:00:52,50.8191986,-1.3120668333333,2.2224,184.2
3314,2018-08-29 14:00:53,50.81919705,-1.3120706,0.0,0.0
3315,2018-08-29 14:00:54,50.819196500000004,-1.3120742,0.0,0.0
3316,2018-08-29 14:00:55,50.81919566666701,-1.3120795666667,0.0,0.0
3317,2018-08-29 14:00:56,50.8191924,-1.3120830833333001,2.4076,184.0
3318,2018-08-29 14:00:57,50.819188033333,-1.3120841,0.0,0.0
3319,2018-08-29 14:00:58,50.819185933332996,-1.3120856,0.0,0.0
3320,2018-08-29 14:00:59,50.819185183333,-1.3120913833333,2.4076,183.8
3321,2018-08-29 14:01:00,50.81918305,-1.3120934833333,0.0,0.0
3322,2018-08-29 14:01:01,50.819179616667,-1.3120929,0.0,0.0
3323,2018-08-29 14:01:02,50.819176966667,-1.3120938999999998,0.0,0.0
3324,2018-08-29 14:01:03,50.819175583333,-1.3120980166667,0.0,0.0
3325,2018-08-29 14:01:04,50.819175666667,-1.3121011999999999,0.0,0.0
3326,2018-08-29 14:01:05,50.819176299999995,-1.3121021166667,0.0,0.0
3327,2018-08-29 14:01:06,50.819175716667004,-1.3121089833333,0.0,0.0
3328,2018-08-29 14:01:07,50.819173783333,-1.3121131833333,0.0,0.0
3329,2018-08-29 14:01:08,50.819173416667006,-1.3121147666667,0.0,0.0
3330,2018-08-29 14:01:09,50.8191732,-1.3121181333333,0.0,0.0
3331,2018-08-29 14:01:10,50.819170133332996,-1.31211905,1.8519999999999999,183.3
3332,2018-08-29 14:01:11,50.819169516667,-1.3121182166667,0.0,0.0
3333,2018-08-29 14:01:12,50.819168833332995,-1.3121176166667,0.0,0.0
3334,2018-08-29 14:01:14,50.819166783332996,-1.3121187166666999,0.0,0.0
3335,2018-08-29 14:01:15,50.819165733332994,-1.3121209833333,0.0,0.0
3336,2018-08-29 14:01:16,50.81916465,-1.3121228166667,0.0,0.0
3337,2018-08-29 14:01:17,50.819163683332995,-1.3121254999999998,0.0,0.0
3338,2018-08-29 14:01:18,50.819161383333,-1.3121287666666999,0.0,0.0
3339,2018-08-29 14:01:19,50.81916079999999,-1.3121307,0.0,0.0
3340,2018-08-29 14:01:20,50.819160283333,-1.3121324666667,0.0,0.0
3341,2018-08-29 14:01:21,50.8191561,-1.3121339666667,2.0372,184.6
3342,2018-08-29 14:01:22,50.819152116667006,-1.31213305,0.0,0.0
3343,2018-08-29 14:01:23,50.819152200000005,-1.3121331333333,0.0,0.0
3344,2018-08-29 14:01:24,50.81915115,-1.31213715,0.0,0.0
3345,2018-08-29 14:01:25,50.81914826666701,-1.3121410166667,0.0,0.0
3346,2018-08-29 14:01:26,50.819146,-1.3121452833333,0.0,0.0
3347,2018-08-29 14:01:27,50.819143200000006,-1.3121483833333,0.0,0.0
3348,2018-08-29 14:01:28,50.81914336666701,-1.3121488833333002,0.0,0.0
3349,2018-08-29 14:01:29,50.819142983332995,-1.31214905,0.0,0.0
3350,2018-08-29 14:01:30,50.819139966667,-1.3121524,0.0,0.0
3351,2018-08-29 14:01:31,50.819137833332995,-1.3121565166667,0.0,0.0
3352,2018-08-29 14:01:32,50.819136483333,-1.3121585333333001,0.0,0.0
3353,2018-08-29 14:01:33,50.819135483333,-1.3121605333333,0.0,0.0
3354,2018-08-29 14:01:34,50.819139883332994,-1.3121590333333,0.0,0.0
3355,2018-08-29 14:01:35,50.81913925,-1.3121628,0.0,0.0
3356,2018-08-29 14:01:36,50.819137833332995,-1.31216565,0.0,0.0
3357,2018-08-29 14:01:37,50.819135183332996,-1.3121679166667,0.0,0.0
3358,2018-08-29 14:01:38,50.81913335,-1.3121705166667,0.0,0.0
3359,2018-08-29 14:01:39,50.8191331,-1.3121721833333,0.0,0.0
3360,2018-08-29 14:01:41,50.819129283333,-1.3121726166667,0.0,0.0
3361,2018-08-29 14:01:42,50.81912756666701,-1.3121741166667,0.0,0.0
3362,2018-08-29 14:01:43,50.81912756666701,-1.3121741166667,0.0,0.0
3363,2018-08-29 14:01:44,50.8191274,-1.3121730333333002,0.0,0.0
3364,2018-08-29 14:01:45,50.819127516667,-1.3121747833333,0.0,0.0
3365,2018-08-29 14:01:46,50.81912735,-1.3121815833333001,0.0,0.0
3366,2018-08-29 14:01:47,50.819126683332996,-1.3121893666667,0.0,0.0
3367,2018-08-29 14:01:48,50.819125133332996,-1.3121938999999998,0.0,0.0
3368,2018-08-29 14:01:49,50.81912395,-1.3121973333333001,0.0,0.0
3369,2018-08-29 14:01:50,50.819121983333,-1.3121978333333,0.0,0.0
3370,2018-08-29 14:01:51,50.819114866667,-1.3122023666667,3.1484,187.1
3371,2018-08-29 14:01:52,50.8191115,-1.3122046333333,0.0,0.0
3372,2018-08-29 14:01:53,50.81910975,-1.3122082333333,0.0,0.0
3373,2018-08-29 14:01:54,50.81910745,-1.31221225,0.0,0.0
3374,2018-08-29 14:01:55,50.81910363333299,-1.3122161166667,0.0,0.0
3375,2018-08-29 14:01:56,50.81910175,-1.3122198833333,0.0,0.0
3376,2018-08-29 14:01:57,50.81910245,-1.31222315,0.0,0.0
3377,2018-08-29 14:01:58,50.81909835,-1.3122263333333,2.778,192.4
3378,2018-08-29 14:01:59,50.81909575,-1.3122305333333,0.0,0.0
3379,2018-08-29 14:02:00,50.819095116667,-1.3122364833333,0.0,0.0
3380,2018-08-29 14:02:01,50.81909315,-1.3122431,0.0,0.0
3381,2018-08-29 14:02:02,50.8190919,-1.3122492166667,0.0,0.0
3382,2018-08-29 14:02:03,50.819089583332996,-1.3122530666667,0.0,0.0
3383,2018-08-29 14:02:04,50.81908485,-1.3122584333333,0.0,0.0
3384,2018-08-29 14:02:05,50.81908095,-1.3122633,0.0,0.0
3385,2018-08-29 14:02:06,50.819080833333,-1.3122649833333,0.0,0.0
3386,2018-08-29 14:02:07,50.819080783333,-1.3122684166667,0.0,0.0
3387,2018-08-29 14:02:09,50.819071233333,-1.3122819166667,2.778,183.5
3388,2018-08-29 14:02:10,50.81906645,-1.3122825833333,0.0,0.0
3389,2018-08-29 14:02:11,50.8190655,-1.3122870166667,0.0,0.0
3390,2018-08-29 14:02:12,50.819066116667,-1.3122944833333001,1.8519999999999999,183.5
3391,2018-08-29 14:02:13,50.81906515,-1.3123011833333,0.0,0.0
3392,2018-08-29 14:02:14,50.81906436666701,-1.3123077166666999,0.0,0.0
3393,2018-08-29 14:02:15,50.8190657,-1.3123103166666998,0.0,0.0
3394,2018-08-29 14:02:16,50.819065866667,-1.3123139333333,0.0,0.0
3395,2018-08-29 14:02:17,50.819065666667,-1.3123187833333,0.0,0.0
3396,2018-08-29 14:02:18,50.819064533333,-1.3123214666667,0.0,0.0
3397,2018-08-29 14:02:19,50.819064533333,-1.3123214666667,0.0,0.0
3398,2018-08-29 14:02:20,50.8190657,-1.3123237333333,0.0,0.0
3399,2018-08-29 14:02:21,50.819065316667,-1.3123286833333,0.0,0.0
3400,2018-08-29 14:02:22,50.81906445,-1.3123346333333001,0.0,0.0
3401,2018-08-29 14:02:23,50.819064399999995,-1.31233915,0.0,0.0
3402,2018-08-29 14:02:24,50.819062933332994,-1.3123421666667,0.0,0.0
3403,2018-08-29 14:02:25,50.81905820000001,-1.3123416666667,2.4076,183.8
3404,2018-08-29 14:02:26,50.819056516667004,-1.3123449333333002,0.0,0.0
3405,2018-08-29 14:02:27,50.819058116667,-1.31235005,0.0,0.0
3406,2018-08-29 14:02:28,50.8190564,-1.3123555,0.0,0.0
3407,2018-08-29 14:02:29,50.819051066667,-1.3123603666666999,3.5188,196.2
3408,2018-08-29 14:02:30,50.819047216667,-1.3123634666667,0.0,0.0
3409,2018-08-29 14:02:31,50.819047133332994,-1.3123668166667,0.0,0.0
3410,2018-08-29 14:02:33,50.81904115,-1.3123758666667,2.0372,195.5
3411,2018-08-29 14:02:34,50.819039216667,-1.3123783000000002,0.0,0.0
3412,2018-08-29 14:02:35,50.81903875,-1.3123831666666999,0.0,0.0
3413,2018-08-29 14:02:36,50.819038166667006,-1.3123910333333,0.0,0.0
3414,2018-08-29 14:02:37,50.819036233332994,-1.31239775,0.0,0.0
3415,2018-08-29 14:02:38,50.8190344,-1.3124007666667,0.0,0.0
3416,2018-08-29 14:02:39,50.81903255,-1.3124043666667,0.0,0.0
3417,2018-08-29 14:02:40,50.819031916667,-1.3124084833333,0.0,0.0
3418,2018-08-29 14:02:41,50.819031133333,-1.3124134166666999,0.0,0.0
3419,2018-08-29 14:02:42,50.81902975,-1.3124187833333,0.0,0.0
3420,2018-08-29 14:02:43,50.819028066667,-1.31242005,0.0,0.0
3421,2018-08-29 14:02:44,50.819027816667,-1.3124193666667,0.0,0.0
3422,2018-08-29 14:02:45,50.819028783332996,-1.3124208833333,0.0,0.0
3423,2018-08-29 14:02:46,50.819028016667005,-1.3124238166667,0.0,0.0
3424,2018-08-29 14:02:47,50.819026383333,-1.3124265,0.0,0.0
3425,2018-08-29 14:02:48,50.819024916667004,-1.3124280833333,0.0,0.0
3426,2018-08-29 14:02:49,50.8190253,-1.3124301833333,0.0,0.0
3427,2018-08-29 14:02:50,50.819025599999996,-1.31243295,0.0,0.0
3428,2018-08-29 14:02:51,50.819024216667,-1.3124372333333,0.0,0.0
3429,2018-08-29 14:02:52,50.819026766667,-1.3124372333333,0.0,0.0
3430,2018-08-29 14:02:53,50.819025266667005,-1.3124409166667,0.0,0.0
3431,2018-08-29 14:02:54,50.819022916667,-1.3124455166667,0.0,0.0
3432,2018-08-29 14:02:55,50.819021899999996,-1.31244695,0.0,0.0
3433,2018-08-29 14:02:56,50.819023583333,-1.3124494666667,0.0,0.0
3434,2018-08-29 14:02:57,50.819021733332995,-1.3124577666666999,2.2224,195.4
3435,2018-08-29 14:02:58,50.81902120000001,-1.3124648833333001,0.0,0.0
3436,2018-08-29 14:02:59,50.819019483332994,-1.31247285,1.8519999999999999,195.7
3437,2018-08-29 14:03:00,50.81901775,-1.3124772833333,0.0,0.0
3438,2018-08-29 14:03:01,50.81901758333299,-1.3124803,0.0,0.0
3439,2018-08-29 14:03:02,50.819016116667,-1.3124797166667,2.0372,195.5
3440,2018-08-29 14:03:04,50.819006483333,-1.3124851666667,0.0,0.0
3441,2018-08-29 14:03:05,50.819000733333,-1.31249405,2.778,229.9
3442,2018-08-29 14:03:06,50.81899961666701,-1.3124994166667,0.0,0.0
3443,2018-08-29 14:03:07,50.8189984,-1.3125037833333,0.0,0.0
3444,2018-08-29 14:03:08,50.8189981,-1.3125072166667,0.0,0.0
3445,2018-08-29 14:03:09,50.81899885,-1.3125114833333,0.0,0.0
3446,2018-08-29 14:03:10,50.818997516667004,-1.3125171833333,0.0,0.0
3447,2018-08-29 14:03:11,50.818998266667,-1.3125226333333,0.0,0.0
3448,2018-08-29 14:03:12,50.818997633333,-1.3125264166667,0.0,0.0
3449,2018-08-29 14:03:13,50.8189955,-1.3125304333333,0.0,0.0
3450,2018-08-29 14:03:14,50.81899425,-1.3125353000000002,0.0,0.0
3451,2018-08-29 14:03:15,50.818994,-1.3125373,0.0,0.0
3452,2018-08-29 14:03:16,50.818993233332996,-1.3125400666667,0.0,0.0
3453,2018-08-29 14:03:17,50.8189896,-1.31254695,0.0,0.0
3454,2018-08-29 14:03:18,50.81898855,-1.3125494666667,0.0,0.0
3455,2018-08-29 14:03:19,50.818989683332994,-1.3125504666667,0.0,0.0
3456,2018-08-29 14:03:20,50.818988216667,-1.3125544833333,0.0,0.0
3457,2018-08-29 14:03:21,50.818984483333,-1.3125590166667,2.4076,230.5
3458,2018-08-29 14:03:22,50.818980033333,-1.31256455,2.4076,230.5
3459,2018-08-29 14:03:23,50.818978533332995,-1.3125708333333002,0.0,0.0
3460,2018-08-29 14:03:24,50.818978283332996,-1.3125782166667,1.8519999999999999,231.1
3461,2018-08-29 14:03:25,50.818975716667005,-1.3125840833333,2.4076,230.5
3462,2018-08-29 14:03:26,50.818976216667004,-1.3125896000000001,0.0,0.0
3463,2018-08-29 14:03:27,50.81897676666701,-1.3125951333333001,0.0,0.0
3464,2018-08-29 14:03:28,50.818977433332996,-1.31259925,0.0,0.0
3465,2018-08-29 14:03:29,50.818975883332996,-1.3126062833333,2.0372,231.6
3466,2018-08-29 14:03:30,50.818975266667,-1.3126112333333,0.0,0.0
3467,2018-08-29 14:03:31,50.818974333332996,-1.3126145833333,0.0,0.0
3468,2018-08-29 14:03:32,50.818975966667004,-1.3126165166666999,0.0,0.0
3469,2018-08-29 14:03:33,50.818975216667006,-1.3126219666666998,2.4076,230.7
3470,2018-08-29 14:03:35,50.818973466667,-1.3126302666667,0.0,0.0
3471,2018-08-29 14:03:36,50.818973466667,-1.3126363,0.0,0.0
3472,2018-08-29 14:03:37,50.818970233333,-1.3126449333333001,2.4076,230.5
3473,2018-08-29 14:03:38,50.818968299999995,-1.3126483666667,0.0,0.0
3474,2018-08-29 14:03:39,50.81896675,-1.3126512166667,0.0,0.0
3475,2018-08-29 14:03:40,50.818964616667,-1.3126537333333002,0.0,0.0
3476,2018-08-29 14:03:41,50.81896315,-1.3126617833333,2.2224,230.9
3477,2018-08-29 14:03:42,50.818960633333,-1.3126693166666998,2.0372,230.4
3478,2018-08-29 14:03:43,50.818962233333,-1.3126705,0.0,0.0
3479,2018-08-29 14:03:44,50.8189616,-1.3126742666667,0.0,0.0
3480,2018-08-29 14:03:45,50.818960383333,-1.3126798000000002,0.0,0.0
3481,2018-08-29 14:03:46,50.818958833333,-1.3126855,0.0,0.0
3482,2018-08-29 14:03:47,50.81895761666701,-1.3126917833333,0.0,0.0
3483,2018-08-29 14:03:48,50.818957066667004,-1.31269765,0.0,0.0
3484,2018-08-29 14:03:49,50.818955566667,-1.3127036,0.0,0.0
3485,2018-08-29 14:03:50,50.81895455,-1.3127075333333,0.0,0.0
3486,2018-08-29 14:03:51,50.818953133333,-1.31271005,0.0,0.0
3487,2018-08-29 14:03:52,50.818952916667,-1.3127136666666999,0.0,0.0
3488,2018-08-29 14:03:53,50.818949316667,-1.3127191999999999,3.3336,216.5
3489,2018-08-29 14:03:54,50.818946883333,-1.3127244666667,0.0,0.0
3490,2018-08-29 14:03:55,50.818945883332994,-1.3127285,0.0,0.0
3491,2018-08-29 14:03:56,50.8189429,-1.3127343666667,2.0372,216.3
3492,2018-08-29 14:03:57,50.81894085,-1.3127383,0.0,0.0
3493,2018-08-29 14:03:58,50.818938666667,-1.3127425833333,0.0,0.0
3494,2018-08-29 14:03:59,50.818936583333,-1.3127461,0.0,0.0
3495,2018-08-29 14:04:00,50.81893415,-1.3127492,0.0,0.0
3496,2018-08-29 14:04:01,50.818933266667,-1.3127511333333,0.0,0.0
3497,2018-08-29 14:04:02,50.818934233332996,-1.3127492,0.0,0.0
3498,2018-08-29 14:04:03,50.818931666667005,-1.3127507999999999,2.2224,216.9
3499,2018-08-29 14:04:04,50.818929083332996,-1.3127559,2.0372,215.9
3500,2018-08-29 14:04:06,50.818929583332995,-1.3127692333333,0.0,0.0
3501,2018-08-29 14:04:07,50.818931666667005,-1.3127721666667,0.0,0.0
3502,2018-08-29 14:04:08,50.81893271666701,-1.3127740166667,0.0,0.0
3503,2018-08-29 14:04:09,50.8189321,-1.3127724166666999,0.0,0.0
3504,2018-08-29 14:04:10,50.81893335,-1.3127744333333,0.0,0.0
3505,2018-08-29 14:04:11,50.818933483333,-1.3127777833333,0.0,0.0
3506,2018-08-29 14:04:12,50.818930633333,-1.31278155,1.8519999999999999,216.5
3507,2018-08-29 14:04:13,50.8189284,-1.3127865833333001,0.0,0.0
3508,2018-08-29 14:04:14,50.8189274,-1.3127927,0.0,0.0
3509,2018-08-29 14:04:15,50.81892455,-1.3127962166667,1.8519999999999999,216.5
3510,2018-08-29 14:04:16,50.818923666667004,-1.3127970666667,0.0,0.0
3511,2018-08-29 14:04:17,50.818925466667004,-1.3127966333333,0.0,0.0
3512,2018-08-29 14:04:18,50.818924466667006,-1.3128003333333,0.0,0.0
3513,2018-08-29 14:04:19,50.818923966667,-1.3128063666667,0.0,0.0
3514,2018-08-29 14:04:20,50.8189251,-1.3128103833333,0.0,0.0
3515,2018-08-29 14:04:21,50.818924633333,-1.3128154166666999,0.0,0.0
3516,2018-08-29 14:04:22,50.818922283332995,-1.3128191,0.0,0.0
3517,2018-08-29 14:04:23,50.81892086666701,-1.3128217,0.0,0.0
3518,2018-08-29 14:04:24,50.81892086666701,-1.3128217,0.0,0.0
3519,2018-08-29 14:04:25,50.818920016667,-1.3128234666667,0.0,0.0
3520,2018-08-29 14:04:26,50.8189191,-1.31282455,0.0,0.0
3521,2018-08-29 14:04:27,50.818918599999996,-1.3128272333333,0.0,0.0
3522,2018-08-29 14:04:28,50.818917633332994,-1.3128326000000001,0.0,0.0
3523,2018-08-29 14:04:29,50.818915166667004,-1.3128388833333,2.4076,216.6
3524,2018-08-29 14:04:30,50.818913616667004,-1.3128461833333,0.0,0.0
3525,2018-08-29 14:04:31,50.818911516667,-1.31285205,0.0,0.0
3526,2018-08-29 14:04:32,50.818910633333,-1.3128555666667,0.0,0.0
3527,2018-08-29 14:04:34,50.818909966667,-1.3128626833333001,0.0,0.0
3528,2018-08-29 14:04:35,50.818910516667,-1.3128652,0.0,0.0
3529,2018-08-29 14:04:36,50.818909999999995,-1.3128710666666998,1.8519999999999999,216.5
3530,2018-08-29 14:04:37,50.8189098,-1.3128745166667,0.0,0.0
3531,2018-08-29 14:04:38,50.818910266667004,-1.3128793666667,0.0,0.0
3532,2018-08-29 14:04:39,50.818911266667,-1.31288415,0.0,0.0
3533,2018-08-29 14:04:40,50.81891021666701,-1.3128889333333,0.0,0.0
3534,2018-08-29 14:04:41,50.818907283333,-1.3128936166667,0.0,0.0
3535,2018-08-29 14:04:42,50.8189062,-1.3128974833333,0.0,0.0
3536,2018-08-29 14:04:43,50.818905233333,-1.31290015,0.0,0.0
3537,2018-08-29 14:04:44,50.818906316667004,-1.3129037666667,0.0,0.0
3538,2018-08-29 14:04:45,50.818901833332994,-1.31290955,2.778,203.1
3539,2018-08-29 14:04:46,50.818896433332995,-1.31291365,0.0,0.0
3540,2018-08-29 14:04:47,50.818894116667,-1.3129163333333,0.0,0.0
3541,2018-08-29 14:04:48,50.818895083333,-1.31292035,0.0,0.0
3542,2018-08-29 14:04:49,50.818893033333,-1.3129283166666998,2.4076,202.5
3543,2018-08-29 14:04:50,50.818889383332994,-1.3129342666666999,2.0372,203.0
3544,2018-08-29 14:04:51,50.818887916667,-1.31294215,2.0372,203.0
3545,2018-08-29 14:04:52,50.818888416667,-1.3129476,0.0,0.0
3546,2018-08-29 14:04:53,50.81888805,-1.3129516166667,0.0,0.0
3547,2018-08-29 14:04:54,50.818888716667004,-1.3129503666667,0.0,0.0
3548,2018-08-29 14:04:55,50.818888799999996,-1.3129497833333001,0.0,0.0
3549,2018-08-29 14:04:56,50.818887383333,-1.3129529666667,0.0,0.0
3550,2018-08-29 14:04:57,50.818884233332994,-1.3129562333333,0.0,0.0
3551,2018-08-29 14:04:58,50.818882383333,-1.3129593333333,0.0,0.0
3552,2018-08-29 14:04:59,50.818880666667006,-1.3129647,1.8519999999999999,202.8
3842,2018-08-29 14:10:00,50.819473183332995,-1.3112427166667,2.778,47.4
3843,2018-08-29 14:10:01,50.819476966667004,-1.3112343333333,2.9632,52.5
3844,2018-08-29 14:10:02,50.81948195,-1.3112257833333,2.4076,52.4
3845,2018-08-29 14:10:03,50.819487516667,-1.3112198333333,2.4076,52.4
3846,2018-08-29 14:10:04,50.81949271666701,-1.31121455,2.0372,52.5
3847,2018-08-29 14:10:05,50.81949695,-1.3112097833333,1.8519999999999999,52.4
3848,2018-08-29 14:10:06,50.81950165,-1.31120635,2.4076,53.1
3849,2018-08-29 14:10:08,50.819508733332995,-1.3111903333333002,2.9632,47.3
3850,2018-08-29 14:10:09,50.819513966667,-1.31118045,3.3336,66.3
3851,2018-08-29 14:10:10,50.81951845,-1.3111675333333002,3.5188,60.7
3852,2018-08-29 14:10:11,50.819519583333,-1.3111542,3.8892,90.0
3853,2018-08-29 14:10:12,50.819517783333,-1.3111377,4.2596,106.0
3854,2018-08-29 14:10:13,50.819516983332996,-1.31112035,3.8892,97.4
3855,2018-08-29 14:10:14,50.81951715,-1.3111049166667,3.7039999999999997,79.7
3856,2018-08-29 14:10:15,50.8195179,-1.3110955333333,2.4076,79.7
3857,2018-08-29 14:10:16,50.819518833333,-1.3110837166667,3.3336,84.5
3858,2018-08-29 14:10:17,50.819519783333,-1.3110706333333,3.5188,87.3
3859,2018-08-29 14:10:18,50.819522383332995,-1.31105665,3.7039999999999997,72.4
3860,2018-08-29 14:10:19,50.81952565,-1.3110443166666998,3.5188,71.6
3861,2018-08-29 14:10:20,50.8195301,-1.311031,3.3336,64.3
3862,2018-08-29 14:10:21,50.81953316666701,-1.3110200166666999,2.778,78.5
3863,2018-08-29 14:10:22,50.8195389,-1.3110135666667,3.1484,30.6
3864,2018-08-29 14:10:23,50.819544933333,-1.31100685,3.3336,51.2
3865,2018-08-29 14:10:24,50.819548166667005,-1.3109982166667,2.4076,50.5
3866,2018-08-29 14:10:25,50.819550133332996,-1.3109947,0.0,0.0
3867,2018-08-29 14:10:26,50.819554533333,-1.3109870666666998,2.9632,37.7
3868,2018-08-29 14:10:27,50.81956321666701,-1.3109797833333001,3.8892,23.6
3869,2018-08-29 14:10:28,50.81956535,-1.3109673666666999,3.3336,83.2
3870,2018-08-29 14:10:29,50.8195684,-1.3109559833333,3.1484,61.1
3871,2018-08-29 14:10:30,50.819569200000004,-1.3109445833333,3.3336,100.2
3872,2018-08-29 14:10:31,50.819566316667,-1.3109315000000001,3.5188,111.3
3873,2018-08-29 14:10:32,50.819564383332995,-1.3109175,3.1484,102.8
3874,2018-08-29 14:10:33,50.819556799999994,-1.3109069333333,4.2596,114.0
3875,2018-08-29 14:10:34,50.819550183333,-1.31089235,4.4448,112.8
3876,2018-08-29 14:10:35,50.819550299999996,-1.3108803666667,3.3336,80.5
3877,2018-08-29 14:10:37,50.819551383333,-1.3108585833333,2.9632,77.5
3878,2018-08-29 14:10:38,50.8195544,-1.3108465,3.7039999999999997,66.9
3879,2018-08-29 14:10:39,50.819558683333,-1.3108342666666999,3.3336,64.3
3880,2018-08-29 14:10:40,50.819563466667006,-1.3108241333333,3.7039999999999997,53.0
3881,2018-08-29 14:10:41,50.81957025,-1.3108119666667,3.7039999999999997,57.0
3882,2018-08-29 14:10:42,50.819573316667004,-1.3107995666667,2.778,82.0
3883,2018-08-29 14:10:43,50.81957545,-1.3107885,2.5928,81.7
3884,2018-08-29 14:10:44,50.81957565,-1.3107761833333,3.3336,89.1
3885,2018-08-29 14:10:45,50.81957805,-1.3107619333333,3.7039999999999997,75.3
3886,2018-08-29 14:10:46,50.819580683332994,-1.3107461833333,3.7039999999999997,80.8
3887,2018-08-29 14:10:47,50.819583866667,-1.3107319333333,3.8892,72.3
3888,2018-08-29 14:10:48,50.81958726666701,-1.3107181833333001,3.3336,82.5
3889,2018-08-29 14:10:49,50.819588433332996,-1.3107046,3.5188,80.2
3890,2018-08-29 14:10:50,50.8195899,-1.3106931166667,2.778,71.9
3891,2018-08-29 14:10:51,50.819591783332996,-1.3106817166667,3.1484,75.7
3892,2018-08-29 14:10:52,50.81959305,-1.3106666333333001,3.5188,90.0
3893,2018-08-29 14:10:53,50.819593883333,-1.3106527166667,2.9632,89.0
3894,2018-08-29 14:10:54,50.81959620000001,-1.3106388,4.63,70.7
3895,2018-08-29 14:10:55,50.8195977,-1.3106253166667,3.8892,78.8
3896,2018-08-29 14:10:56,50.819599,-1.3106149166667,2.9632,74.6
3897,2018-08-29 14:10:57,50.819597866667,-1.3106055333333,3.5188,97.9
3898,2018-08-29 14:10:58,50.819595983332995,-1.3105901833333,3.8892,95.6
3899,2018-08-29 14:11:00,50.819597200000004,-1.3105602666667,3.5188,72.1
