Unix time (s) ; acc_z (m.s^-2) ; speed_z (m.s^-1) ; pos_z (m)
1535463143.48 ; 0.3460355653 ; 0 ; 0
1535463144.05 ; -0.301604250335 ; 0.00416531042447 ; 0.0009762152519
1535463144.61 ; 0.322721404356 ; 0.003368109581 ; 0.00257910414048
1535463145.17 ; -0.412104171959 ; -0.00725663647369 ; 0.00123791202203
1535463145.73 ; 0.409460447539 ; -0.00266671958477 ; -0.00129411436076
1535463146.3 ; -0.257055942388 ; 0.013398658525 ; 0.00143680665393
1535463146.86 ; -0.0501065194454 ; -0.0243292360232 ; -0.00136442401102
1535463147.42 ; 0.187583916618 ; 0.00477827991212 ; -0.00571910443298
1535463147.98 ; -0.221583447736 ; -0.00159461636137 ; -0.00401976787596
1535463148.55 ; 0.190913553611 ; -0.00340673411467 ; -0.00452195435924
1535463149.11 ; -0.175723686023 ; 0.000288426778768 ; -0.00449912534802
1535463149.67 ; -0.201171202888 ; -0.0352368699649 ; -0.011940107658
1535463150.23 ; 0.409021279643 ; 0.00773945415603 ; -0.0163945097248
1535463150.8 ; -0.146624833922 ; 0.0271789217966 ; -0.00547828439017
1535463151.36 ; 0.0603672366786 ; 0.000973292483354 ; 0.002032692123
1535463151.92 ; 0.00504160043515 ; 0.00645632217102 ; 0.00343517289637
1535463152.48 ; 0.0895526770817 ; 0.0110200239593 ; 0.0069585255512
1535463153.05 ; -0.137380751423 ; -0.000810420917192 ; 0.00819158310898
1535463153.61 ; 0.00248600928936 ; -0.0129161150029 ; 0.00360926603548
1535463154.17 ; 0.0691123112712 ; 0.0024067802658 ; 0.000544666315808
1535463154.73 ; 0.232188207494 ; 0.029048082243 ; 0.00782583451911
1535463155.3 ; -0.0220163967383 ; 0.0293856666271 ; 0.0202164974871
1535463155.86 ; -0.321077896424 ; -0.022368954341 ; 0.0184915764791
1535463156.42 ; 0.703204407942 ; 0.0283668427781 ; 0.0168153550973
1535463156.98 ; -1.06992859705 ; -0.0249236126846 ; 0.0148197756032
1535463157.55 ; 0.775171654607 ; -0.035940502655 ; -0.00191478474226
1535463158.11 ; -0.988566895631 ; -0.0319853947873 ; -0.0175153273124
1535463158.67 ; 0.668376631779 ; -0.0406785794715 ; -0.0316261259236
1535463159.23 ; -0.215657061342 ; 0.0288816379968 ; -0.0291199287162
1535463159.8 ; -0.112742697677 ; -0.0211590119967 ; -0.0224566904434
1535463160.36 ; 0.458738507011 ; 0.0253832919565 ; -0.0177238678463
1535463160.92 ; -0.424671261495 ; 0.0116547932891 ; -0.0060893829947
1535463161.48 ; 0.262220265294 ; -0.0113445012154 ; -0.00500176278869
1535463162.05 ; -0.220642894243 ; 0.000116217873648 ; -0.00679965636879
1535463162.61 ; -0.087690564426 ; -0.0288666035537 ; -0.012404537744
1535463163.17 ; 0.346065085022 ; 0.0145996811727 ; -0.013680824092
1535463163.73 ; -0.142637118101 ; 0.0239373906952 ; -0.00236881702138
1535463164.3 ; 0.19141755842 ; 0.0125521414428 ; 0.0065779299176
1535463164.86 ; -0.250511102024 ; -0.00135579410461 ; 0.0081056676405
1535463165.42 ; 0.0460597681844 ; -0.0196185614857 ; 0.00183903346594
1535463165.98 ; -0.0734658186036 ; -0.00910875604562 ; -0.00520022312292
1535463166.55 ; 0.16810311383 ; 0.00583574245557 ; -0.00510061004457
1535463167.11 ; -0.252787043969 ; -0.00599358830217 ; -0.00428750217361
1535463167.67 ; -0.0654101974779 ; -0.0318284242563 ; -0.0124373249239
1535463168.23 ; 0.246773005561 ; 0.00639241649377 ; -0.0163256960082
1535463168.8 ; -0.261976934349 ; 0.000705475235539 ; -0.0119412227215
1535463169.36 ; 0.69172417684 ; 0.0405223059632 ; -0.000288654990537
1535463169.92 ; -0.396023304186 ; 0.0412288986283 ; 0.0189195516581
1535463170.48 ; 0.57928678233 ; 0.0309232181908 ; 0.0326762573317
1535463171.05 ; -0.0326573039484 ; 0.0615527107968 ; 0.0489036080468
1535463171.61 ; 0.0825202739752 ; 0.0251921068044 ; 0.0610833149089
1535463172.17 ; 0.214178344945 ; 0.0362116736944 ; 0.0652936573868
1535463172.73 ; 0.0336093997009 ; 0.0352999598785 ; 0.0711714158873
1535463173.3 ; -0.220630254166 ; -0.00576602417384 ; 0.066231321111
1535463173.86 ; 0.240352105437 ; -7.31471953296e-05 ; 0.0538242582084
1535463174.42 ; -0.111144594738 ; 0.0120884777352 ; 0.04766956163
1535463174.98 ; -0.143750206962 ; -0.0198663380075 ; 0.0379017411867
1535463175.55 ; -0.137839993066 ; -0.0330200190359 ; 0.0191900960379
1535463176.11 ; 0.115420423174 ; -0.0131084408738 ; 0.00518073259073
1535463176.67 ; 0.0563822220788 ; 0.011736444248 ; 0.00399572689862
1535463177.23 ; 0.162091771805 ; 0.024393572808 ; 0.0117975334005
1535463177.8 ; -0.0343930000441 ; 0.0201025702166 ; 0.0202597298331
1535463178.36 ; -0.0981945745806 ; -0.00572882797189 ; 0.0202518455122
1535463178.92 ; 0.211886889992 ; 0.00874870641636 ; 0.0175842994374
1535463179.48 ; -0.191244434203 ; 0.00485140008178 ; 0.0178409997411
1535463180.05 ; 0.199718055692 ; 0.0024115101219 ; 0.0165696902503
1535463180.61 ; -0.15974247794 ; 0.00455143275059 ; 0.0154399651415
1535463181.17 ; 0.0256795779109 ; -0.0110508104715 ; 0.011343399554
1535463181.73 ; 0.108783016835 ; 0.00892190143861 ; 0.00895388428825
1535463182.29 ; 0.139358277716 ; 0.0262363951097 ; 0.0157015061027
1535463182.86 ; -0.0888447682457 ; 0.013480970058 ; 0.0223930775816
1535463183.42 ; -0.0381063292492 ; -0.00740767071705 ; 0.0200842870947
1535463183.98 ; 0.116814656787 ; 0.00490940690654 ; 0.0161513971715
1535463184.54 ; -0.360225531895 ; -0.0211826138408 ; 0.0096455795462
1535463185.11 ; 0.192447537886 ; -0.0227894115295 ; -0.00226753677284
1535463185.67 ; 0.0368260336099 ; 0.0138974348502 ; -0.0039736233113
1535463186.23 ; 0.178388649782 ; 0.0248082818765 ; 0.00576004197888
1535463186.79 ; -0.135802462164 ; 0.0122617470035 ; 0.013488028395
1535463187.36 ; 0.157972592294 ; 0.00616564672414 ; 0.0155588360622
1535463187.92 ; -0.331117759592 ; -0.0141764833631 ; 0.0110882332786
1535463188.48 ; 0.063693453342 ; -0.0297956305404 ; -0.0010654028654
1535463189.04 ; 0.0521813866016 ; 0.000931140757477 ; -0.00765279567285
1535463189.61 ; 0.027000051819 ; 0.00773337580786 ; -0.00434665595973
1535463190.17 ; -0.0294374338084 ; 0.0023492958975 ; -0.0012591752617
1535463190.73 ; 0.0358973630551 ; 0.0013886974906 ; -0.000173248739302
1535463191.29 ; 0.0161111490859 ; 0.00533853184614 ; 0.00143226696316
1535463191.86 ; 0.0533062629382 ; 0.00828720817983 ; 0.00438699793032
1535463192.42 ; -0.0315857011271 ; 0.00479863289621 ; 0.00672271641403
1535463192.98 ; -0.224424184221 ; -0.0224007415587 ; 0.00147687962316
1535463193.54 ; 0.0479797155895 ; -0.0240080288965 ; -0.00964595834267
1535463194.11 ; 0.0316740553751 ; -0.000535388483423 ; -0.0137904670138
1535463194.67 ; 0.0733535358761 ; 0.00966756084538 ; -0.00935177098745
1535463195.23 ; 0.180691951564 ; 0.0270385175199 ; 0.0008095674993
1535463195.79 ; -0.0356555278213 ; 0.0226094967349 ; 0.0123104589001
1535463196.36 ; -0.0894297577109 ; -0.00418995335087 ; 0.0145756882715
1535463196.92 ; 0.00260798253351 ; -0.00953594759073 ; 0.00892949567145
1535463197.48 ; -0.00121860928372 ; -0.00304839987144 ; 0.00449188996784
1535463198.04 ; 0.0396575852197 ; 0.00258743822242 ; 0.00363520622617
1535463198.61 ; -0.0309539955627 ; 0.0016784046236 ; 0.00402910094263
1535463199.17 ; 0.401744765223 ; 0.0353202335633 ; 0.0120289230903
1535463199.73 ; -0.421513141876 ; 0.00992019186066 ; 0.0206269497685
1535463200.29 ; 0.253459666739 ; -0.0124478085469 ; 0.0165967324741
1535463200.86 ; -0.227494801698 ; -0.00171514183112 ; 0.0105112758294
1535463201.42 ; 0.132250472472 ; -0.00950058595842 ; 0.00613079388751
1535463201.98 ; 0.0601606150862 ; 0.0148710658141 ; 0.00636765844169
1535463202.54 ; 0.126059939766 ; 0.0224146735739 ; 0.0140449642194
1535463203.11 ; -0.179091208594 ; 0.00250005341637 ; 0.0175433180832
1535463203.67 ; 0.412800318087 ; 0.0227429579405 ; 0.020535594509
1535463204.23 ; -0.0575224547826 ; 0.0408872833243 ; 0.0320258844227
1535463204.79 ; 0.0902083836101 ; 0.0166933015585 ; 0.0401832518719
1535463205.36 ; -0.306808953716 ; -0.0147413617855 ; 0.0339435176704
1535463205.92 ; 0.40579297495 ; 0.00436555566868 ; 0.025854542364
1535463206.48 ; -0.396576777428 ; 0.00231917920396 ; 0.0231121422132
1535463207.04 ; 0.195458657265 ; -0.0180810927265 ; 0.0155660515568
1535463207.61 ; 0.201715703398 ; 0.0312074025471 ; 0.0160481337276
1535463208.17 ; -0.390525092853 ; -0.00729749742714 ; 0.0189770390068
1535463208.73 ; 0.0736032292884 ; -0.032143243811 ; 0.00657048702123
1535463209.29 ; -0.0302147696482 ; -0.00664687754418 ; -0.00361573597922
1535463209.86 ; -0.0562827937667 ; -0.0103246727422 ; -0.00699077152119
1535463210.42 ; 0.332449496915 ; 0.0224477320262 ; -0.0029844478414
1535463210.98 ; -0.149062923475 ; 0.0246745512159 ; 0.00855691290338
1535463211.54 ; -0.088581467839 ; -0.0140533952958 ; 0.00961999182523
1535463212.11 ; -0.210930366779 ; -0.0327629021915 ; -0.0029555982669
1535463212.67 ; 0.680042105024 ; 0.0330568600013 ; -0.00239410438423
1535463213.23 ; -0.287880765892 ; 0.0477830348103 ; 0.0169512253012
1535463213.79 ; 0.0629107101305 ; -0.005162585055 ; 0.0241148672147
1535463214.36 ; 0.0662858097762 ; 0.0103909013516 ; 0.02132106776
1535463214.92 ; -0.0686786618889 ; 0.00323930988855 ; 0.0209620519216
1535463215.48 ; -0.0466153802997 ; -0.00972860668046 ; 0.0159475095525
1535463216.04 ; -0.184157840655 ; -0.0248773998528 ; 0.00517898040238
1535463216.61 ; 0.246911078276 ; -0.00240959246879 ; -0.00207930888363
1535463217.17 ; -0.0250007769155 ; 0.0200002319187 ; 0.00238991765758
1535463217.73 ; 0.152463928684 ; 0.0186160751009 ; 0.0110420379813
1535463218.29 ; -0.0298500504624 ; 0.0177000781381 ; 0.0177130514105
1535463218.86 ; 0.109934973195 ; 0.0134077361513 ; 0.0220515260171
1535463219.42 ; 0.489128030269 ; 0.0606293071515 ; 0.0357280564721
1535463219.98 ; -0.502357663799 ; 0.0189695219233 ; 0.0484288894193
1535463220.54 ; 0.0154718474612 ; -0.0393206687621 ; 0.0355877857191
1535463221.11 ; 0.465074682946 ; 0.031942820022 ; 0.0279273634346
1535463221.67 ; -0.358061282846 ; 0.0206798450366 ; 0.035605910647
1535463222.23 ; -0.0659182386821 ; -0.0328532485006 ; 0.0268185620263
1535463222.79 ; 0.0569785614826 ; -0.0117891523496 ; 0.0118860538618
1535463223.36 ; -0.0900633091813 ; -0.00703131263171 ; 0.00549414049789
1535463223.92 ; 0.399812851473 ; 0.0266955564211 ; 0.00918730638973
1535463224.48 ; -0.234305939738 ; 0.0244136342911 ; 0.0196339116367
1535463225.04 ; 0.283516441511 ; 0.0127512238013 ; 0.0250718445142
1535463225.61 ; -0.488470356279 ; -0.0149633700448 ; 0.0203747495666
1535463226.17 ; 0.613746473274 ; 0.0067564526893 ; 0.0150555261244
1535463226.73 ; -0.607678775504 ; 0.00282098237249 ; 0.0147909231727
1535463227.29 ; 0.614884619416 ; 0.00161585127214 ; 0.0133656151722
1535463227.86 ; -0.134949933151 ; 0.045531616667 ; 0.0221879849925
1535463228.42 ; 0.019738511071 ; 0.00437663374751 ; 0.0301866932693
1535463228.98 ; 0.0145609271317 ; 0.00467436438229 ; 0.0272768487655
1535463229.54 ; 0.00969783861931 ; 0.00383229977755 ; 0.0247243857319
1535463230.11 ; 0.161194490346 ; 0.0172980730102 ; 0.025555926366
1535463230.67 ; -0.0625809228148 ; 0.0150107837498 ; 0.0288687785652
1535463231.23 ; 0.152072976008 ; 0.013393282541 ; 0.0307143661366
1535463231.79 ; 0.245130071035 ; 0.041700350729 ; 0.0385072295904
1535463232.36 ; -0.73489127268 ; -0.0320137696788 ; 0.0343595898023
1535463232.92 ; 1.01748223905 ; 0.0158208941846 ; 0.0248378940853
1535463233.48 ; -0.639265017837 ; 0.04073080455 ; 0.0339522910383
1535463234.04 ; 0.651037159004 ; 0.0146805183538 ; 0.0412799606303
1535463234.61 ; 0.0178733053916 ; 0.0676022939283 ; 0.0536845190508
1535463235.17 ; 0.069947912497 ; 0.0307670440182 ; 0.0677915919325
1535463235.73 ; -0.294034898576 ; -0.0107517612522 ; 0.0611839161082
1535463236.29 ; 0.629963616691 ; 0.0279086226866 ; 0.0550076373014
1535463236.86 ; -0.437405087196 ; 0.0273545936356 ; 0.0587915529245
1535463237.42 ; 0.108397328767 ; -0.021725128998 ; 0.050312317332
1535463237.98 ; -0.14002189356 ; -0.0102064334465 ; 0.0344431710054
1535463238.54 ; 0.211606161746 ; 0.003308664478 ; 0.0270860299801
1535463239.11 ; 0.47730012682 ; 0.0656855532396 ; 0.038741635695
1535463239.67 ; -0.889468644998 ; -0.0167443858081 ; 0.0437549178891
1535463240.23 ; 0.368608423208 ; -0.0544103691703 ; 0.0197861296378
1535463240.79 ; -0.346986641918 ; -0.016109805292 ; -3.92551529524e-05
1535463241.36 ; -0.387584005385 ; -0.0742340943614 ; -0.0212064986925
1535463241.92 ; 0.827367216978 ; 0.0164835799332 ; -0.0312069001031
1535463242.48 ; -0.343055521986 ; 0.0508973046886 ; -0.0102138572794
1535463243.04 ; -0.313174069727 ; -0.044553565591 ; -0.00702478681809
1535463243.61 ; 0.00439020184058 ; -0.0437988540568 ; -0.0265609993094
1535463244.17 ; -0.23253841034 ; -0.0359877510389 ; -0.0408334858692
1535463244.73 ; 0.727067191932 ; 0.0343646627999 ; -0.0344083039428
1535463245.29 ; -0.614835777101 ; 0.0219763017808 ; -0.0154690256546
1535463245.86 ; -0.205079179573 ; -0.0695387261778 ; -0.0240378821388
1535463246.42 ; 0.0694530981361 ; -0.0358941594444 ; -0.0447416992711
1535463246.98 ; 0.403000581819 ; 0.0323260855078 ; -0.0381209841115
1535463247.54 ; -0.171915117823 ; 0.0324389262147 ; -0.0165886761079
1535463248.11 ; 0.174269805109 ; 0.0110337206947 ; -0.00363530175916
1535463248.67 ; -0.53232459431 ; -0.0298887194142 ; -0.00744842546912
1535463249.23 ; 0.168436707 ; -0.0440764271131 ; -0.0235421101405
1535463249.79 ; -0.638890865395 ; -0.0587954811628 ; -0.0437280782145
1535463250.36 ; 0.637641157264 ; -0.0197156511766 ; -0.0548406906543
1535463250.92 ; -0.608238529145 ; -0.0038154854812 ; -0.0512154893403
1535463251.48 ; -0.120288355405 ; -0.0695689079957 ; -0.0598784584646
1535463252.04 ; 0.413581382626 ; 0.00430566460439 ; -0.0651942758747
1535463252.61 ; 0.2272150557 ; 0.0615082834612 ; -0.0389038310468
1535463253.17 ; -0.251608959082 ; 0.0182159267363 ; -0.0137352656698
1535463253.73 ; -0.58427096007 ; -0.0722896743041 ; -0.0241192508912
1535463254.29 ; 0.514992739044 ; -0.0305911958689 ; -0.0442113540484
1535463254.86 ; 0.416231212465 ; 0.0771022198831 ; -0.0259421434234
1535463255.42 ; -0.665379810282 ; 0.00234368263304 ; -0.00299881666184
1535463255.98 ; 0.258111530863 ; -0.0373987495131 ; -0.010714738733
1535463256.54 ; -0.309219312127 ; -0.0172574520182 ; -0.0217385889576
1535463257.11 ; 0.48768523257 ; 0.0109782208984 ; -0.0195871437981
1535463257.67 ; -0.18843099363 ; 0.0317135881283 ; -0.00631704941092
1535463258.23 ; -0.559616296783 ; -0.0595563647756 ; -0.0117896843655
1535463258.79 ; 0.101625216711 ; -0.0627871838427 ; -0.0384979366495
1535463259.35 ; 0.302547163989 ; 0.0169610876066 ; -0.0428218183779
1535463259.92 ; 0.142347306192 ; 0.0473609260247 ; -0.0206099645667
1535463260.48 ; -0.189782330604 ; 0.0113400680912 ; -0.00341731568145
1535463261.04 ; 0.244413358553 ; 0.00890152743753 ; 0.00189621811582
1535463261.6 ; -0.590108415878 ; -0.0294406368767 ; -0.00323350878145
1535463262.17 ; 0.593367751392 ; -0.00950799431834 ; -0.011822835598
1535463262.73 ; 0.215432614929 ; 0.0726528746853 ; 0.00494666632418
1535463263.29 ; -0.868168617536 ; -0.0369745078566 ; 0.0124840839707
1535463263.85 ; 0.212531753691 ; -0.0737890464089 ; -0.0155560674962
1535463264.42 ; 0.343357413262 ; 0.0275167806324 ; -0.0238081438902
1535463264.98 ; -0.0107701067455 ; 0.0403512100668 ; -0.00393412592301
1535463265.54 ; 0.210754420453 ; 0.0321983685526 ; 0.0137248575119
1535463266.1 ; -0.389927120826 ; -0.00606414564491 ; 0.0175624054236
1535463266.67 ; -0.271755012515 ; -0.0640526357736 ; -0.00179789969079
1535463267.23 ; 0.922504235485 ; 0.0396552319799 ; -0.00721623856563
1535463267.79 ; -0.208482020836 ; 0.0801544466966 ; 0.022065373549
1535463268.35 ; -0.32273433591 ; -0.0230821391362 ; 0.0317637988675
1535463268.92 ; -0.0104745774551 ; -0.0389317067396 ; 0.011935651449
1535463269.48 ; 0.170655146292 ; 0.00203903078816 ; 0.00130003643706
1535463270.04 ; 0.405852842834 ; 0.0547258576826 ; 0.0143872791705
1535463270.6 ; -0.716461800622 ; -0.0108765510925 ; 0.0222661972096
1535463271.17 ; 0.0747460466346 ; -0.0637845330036 ; 0.00105700677396
1535463271.73 ; 0.216195553014 ; 0.00601339689234 ; -0.0126588406193
1535463272.29 ; 0.367153929458 ; 0.0566915324736 ; 0.00414691072004
1535463272.85 ; -0.101698777486 ; 0.0437828490636 ; 0.0270037334386
1535463273.42 ; -0.490870376641 ; -0.0409571914516 ; 0.0231653522453
1535463273.98 ; 0.0489315947295 ; -0.0550831218516 ; -0.00320442532186
1535463274.54 ; 0.480089936106 ; 0.031233319463 ; -0.00825999312895
1535463275.1 ; -0.228026344406 ; 0.0340413170016 ; 0.00841492898
1535463275.67 ; -0.0107834163793 ; -0.011040474335 ; 0.0124030622429
1535463276.23 ; -0.706136514239 ; -0.0708888661895 ; -0.00886557961654
1535463276.79 ; 1.52885616265 ; 0.0534981546151 ; -0.011463815289
1535463277.35 ; -1.27367250763 ; 0.0417553340959 ; 0.0127710621521
1535463277.92 ; 0.570426041616 ; -0.0520087038741 ; 0.00823949871952
1535463278.48 ; -0.960272883661 ; -0.0538831987412 ; -0.017951366267
1535463279.04 ; 0.442596926163 ; -0.0664917267503 ; -0.0431714960208
1535463279.6 ; 0.509411596256 ; 0.067084015024 ; -0.0358374335916
1535463280.17 ; -0.0711678171825 ; 0.0634453169042 ; 0.000727259790677
1535463280.73 ; -0.319869562811 ; -0.0155103364853 ; 0.0118405108608
1535463281.29 ; -0.0460153011139 ; -0.0394705968822 ; -0.00301860507738
1535463281.85 ; 0.0895437400152 ; -0.00907619036795 ; -0.0138933343727
1535463282.42 ; -0.152932165226 ; -0.00896787022181 ; -0.0158067191134
1535463282.98 ; -0.0977277057732 ; -0.0264879856382 ; -0.0214819961561
1535463283.54 ; -0.54827824129 ; -0.0693899217661 ; -0.0403721336483
1535463284.1 ; 0.813472062428 ; 0.00173114593262 ; -0.0495004594744
1535463284.67 ; 0.118260830465 ; 0.0879246748574 ; -0.0202378610076
1535463285.23 ; -0.478932272869 ; -0.00450364788832 ; 0.00268629748782
1535463285.79 ; -0.842127199734 ; -0.125346341984 ; -0.0281939781816
1535463286.35 ; 1.08335703461 ; -0.0191674975539 ; -0.0573643936724
1535463286.92 ; 0.0167404398809 ; 0.0967414752663 ; -0.0296228768699
1535463287.48 ; -0.327604623442 ; 0.00310462942385 ; -0.00128509344368
1535463288.04 ; -0.396324224852 ; -0.0668315257077 ; -0.0160064783628
1535463288.6 ; 0.562234426336 ; -0.00672353555626 ; -0.0305777098811
1535463289.17 ; -0.192026550977 ; 0.0324645152511 ; -0.019448607813
1535463289.73 ; 0.384418199542 ; 0.0288577710841 ; -0.00183512173515
1535463290.29 ; -0.681302088626 ; -0.0182124750514 ; 0.000965621623592
1535463290.85 ; 0.0508959705789 ; -0.0651693945769 ; -0.0187372783483
1535463291.42 ; 0.861796113908 ; 0.0638390313607 ; -0.0159261925904
1535463291.98 ; -0.737518015729 ; 0.0329304969677 ; 0.00940804077067
1535463292.54 ; -0.0666661662821 ; -0.0644123670218 ; 0.00046177091615
1535463293.1 ; -0.264666622069 ; -0.0525323557944 ; -0.0270233319465
1535463293.67 ; 0.402702000806 ; -0.00457038537074 ; -0.0359024671281
1535463294.23 ; 0.547848625774 ; 0.0875870333888 ; -0.010462487436
1535463294.79 ; -0.742820577743 ; 0.0109173517038 ; 0.0143678538759
1535463295.35 ; -0.120699385905 ; -0.0773128597957 ; -0.00358765521529
1535463295.92 ; 0.216513720495 ; -0.016788663983 ; -0.0250440094633
1535463296.48 ; 1.17081107054 ; 0.124460902263 ; 0.00436478516982
1535463297.04 ; -1.93056490333 ; -0.0297375392114 ; 0.0258373563963
1535463297.6 ; 0.31145243343 ; -0.161700768548 ; -0.023336177078
1535463298.17 ; 1.16127996768 ; 0.0841637832526 ; -0.0376189366542
1535463298.73 ; -0.893221845041 ; 0.0531840528096 ; 0.000840516280388
1535463299.29 ; 0.164835064695 ; -0.0505565643318 ; 0.00131623270661
1535463299.85 ; 0.0382212448675 ; 0.00218375996213 ; -0.0102401694461
1535463300.42 ; 0.00989277789596 ; 0.00523846623049 ; -0.00679394557437
1535463300.98 ; 0.161045900652 ; 0.0177709433123 ; -0.000269030957227
1535463301.54 ; 0.0300746931009 ; 0.0238407857404 ; 0.00952832917591
1535463302.1 ; -0.191633361623 ; -0.00719890128466 ; 0.0118406399343
1535463302.67 ; -0.161293375511 ; -0.0354850428428 ; -0.000136404231377
1535463303.23 ; 0.767853977371 ; 0.0450347082982 ; 0.00212445390835
1535463303.79 ; -0.797788389279 ; 0.0122052742223 ; 0.015185731905
1535463304.35 ; -0.0548687787078 ; -0.0758647966028 ; -0.00226479156992
1535463304.92 ; 0.970596912481 ; 0.0605581904346 ; -0.00547468440067
1535463305.48 ; 0.626594260921 ; 0.169918483717 ; 0.0494541994852
1535463306.04 ; -0.337257797424 ; 0.0837640637019 ; 0.100667092287
1535463306.6 ; -0.192232007986 ; -0.0217165473269 ; 0.0984311124578
1535463307.17 ; -0.399265958148 ; -0.0626899031126 ; 0.0622438360286
1535463307.73 ; 1.30953846211 ; 0.0644389894199 ; 0.0522797938188
1535463308.29 ; -0.373535062365 ; 0.109227006391 ; 0.0842680824439
1535463308.85 ; -0.341704734576 ; -0.030643677253 ; 0.088641080961
1535463309.42 ; -0.323530240584 ; -0.0725770073136 ; 0.049676511533
1535463309.98 ; 0.151550760851 ; -0.0403149814635 ; 0.0149387396076
1535463310.54 ; -0.0645544956231 ; -0.00528265890306 ; 0.00176230620325
1535463311.1 ; -0.222146847419 ; -0.0286381346723 ; -0.00648130095544
1535463311.67 ; 0.331721135535 ; 0.000726161460089 ; -0.0119427088443
1535463312.23 ; -0.111199912704 ; 0.0209152875441 ; -0.00488019755156
1535463312.79 ; -0.205653934621 ; -0.02273265614 ; -0.00449276803066
1535463313.35 ; 0.369604143448 ; 0.00779223278795 ; -0.00724551040941
1535463313.92 ; -0.166724935199 ; 0.0216167643222 ; 0.000854600928511
1535463314.48 ; -0.59150249404 ; -0.0638755820096 ; -0.00919187352786
1535463315.04 ; 0.354896260859 ; -0.0434730274966 ; -0.0328189678066
1535463315.6 ; 0.296226719156 ; 0.0465500108263 ; -0.0266279926566
1535463316.17 ; -0.53491964451 ; -0.00686019393371 ; -0.0128879414445
1535463316.73 ; 0.186813266315 ; -0.0349203763465 ; -0.0205318739126
1535463317.29 ; -0.493482235744 ; -0.0403894273881 ; -0.0347600690757
1535463317.85 ; 0.0321650547643 ; -0.056710766618 ; -0.0517241288362
1535463318.42 ; 0.596321712901 ; 0.0400142235543 ; -0.0470165055496
1535463318.98 ; 0.0757487582424 ; 0.0763431055526 ; -0.0119098542666
1535463319.54 ; -0.677536372822 ; -0.030967902246 ; 0.00070956058691
1535463320.1 ; 0.220336365943 ; -0.0531836813272 ; -0.0191310581342
1535463320.67 ; 0.904967504021 ; 0.087766348091 ; -0.00783746609949
1535463321.23 ; -0.0494265141178 ; 0.109459425506 ; 0.0396918447867
1535463321.79 ; -0.479005357122 ; -0.0130525009042 ; 0.0556712207198
1535463322.35 ; 0.0623556177313 ; -0.0434109188939 ; 0.0331593503748
1535463322.92 ; 0.738150121414 ; 0.0605740530599 ; 0.0316552378688
1535463323.48 ; -0.349519246414 ; 0.0566243836694 ; 0.0538469102305
1535463324.04 ; -0.434749412787 ; -0.0546477744645 ; 0.0453356764804
1535463324.6 ; 0.524661371062 ; -0.00978694669171 ; 0.0226783227054
1535463325.17 ; -0.536817234275 ; -0.0044021224014 ; 0.0155724711342
1535463325.73 ; 0.667514344987 ; 0.0107825560907 ; 0.014472116573
1535463326.29 ; -0.0593576032481 ; 0.0606070674533 ; 0.0287915082681
1535463326.85 ; -0.489524436259 ; -0.0312536777795 ; 0.0308724026458
1535463327.42 ; -0.155781792025 ; -0.0709139668178 ; 0.00178200857229
1535463327.98 ; 0.801767642559 ; 0.0369215673905 ; -0.00648174873119
1535463328.54 ; -2.94145865144 ; -0.18828025556 ; -0.0408746311662
1535463329.1 ; 0.278432087391 ; -0.312410465852 ; -0.151407651076
1535463329.67 ; 0.00847657318074 ; -0.0772398988706 ; -0.21749475334
1535463330.23 ; -0.284413510055 ; -0.05161479975 ; -0.211444872525
1535463330.79 ; 0.289269204875 ; -0.0167497232445 ; -0.192226594822
1535463331.35 ; -0.0520476877453 ; 0.0166554843372 ; -0.160210915476
1535463331.92 ; -0.184507957471 ; -0.0166247090339 ; -0.133501883448
1535463332.48 ; 0.323242918579 ; 0.00746423202726 ; -0.113398457147
1535463333.04 ; -0.320934915572 ; 0.00270444996477 ; -0.0921154587425
1535463333.6 ; 0.345230848301 ; 0.00317913336795 ; -0.0753839741365
1535463334.17 ; -0.0972630751996 ; 0.0243057833424 ; -0.0563784522882
1535463334.73 ; -0.0270311054704 ; -0.00355032074355 ; -0.0421176201722
1535463335.29 ; 0.204744309619 ; 0.0154766712612 ; -0.0323028625267
1535463335.85 ; -0.262189429132 ; -0.000226416051433 ; -0.023344888679
1535463336.42 ; -0.0762702293045 ; -0.0318050025104 ; -0.0269611862438
1535463336.98 ; 0.542292058917 ; 0.0330861568446 ; -0.0221673964923
1535463337.54 ; 0.438495294759 ; 0.102975078057 ; 0.0134156699822
1535463338.1 ; 0.0919612924903 ; 0.0840538345036 ; 0.0550133072112
1535463338.66 ; -0.440433491115 ; -0.00465010524694 ; 0.064453977572
1535463339.23 ; 0.193962340954 ; -0.0246559708687 ; 0.0468432547343
1535463339.79 ; 0.0100242416094 ; 0.0109045745001 ; 0.035813148151
1535463340.35 ; -0.00581888353145 ; 0.00402909778644 ; 0.0333442568199
1535463340.91 ; -0.119091965605 ; -0.0103669872477 ; 0.0263014850617
1535463341.48 ; 0.531568651013 ; 0.0352127811744 ; 0.0277409495859
1535463342.04 ; -0.656248085627 ; 4.93327095292e-05 ; 0.0313817076679
1535463342.6 ; -0.0475978955102 ; -0.0659680536987 ; 0.0107019716653
1535463343.16 ; 0.270919915419 ; -0.00105379926845 ; -0.0067892712658
1535463343.73 ; 0.294212972947 ; 0.0526280555269 ; 0.00642955988662
1535463344.29 ; -0.564059534275 ; -0.00775461502075 ; 0.0158748403999
1535463344.85 ; 0.0244189465326 ; -0.0531748258409 ; -0.00105092270924
1535463345.41 ; 0.834597640431 ; 0.0628058832942 ; 0.00138145467421
1535463345.98 ; -0.366728058216 ; 0.064796431715 ; 0.0310568893075
1535463346.54 ; -0.0526843829576 ; -0.0177196225185 ; 0.0369139520222
1535463347.1 ; -0.115196089308 ; -0.0216448081078 ; 0.021535897187
1535463347.66 ; 0.160247792598 ; -0.00299145879547 ; 0.0121726199091
1535463348.23 ; -0.125504633092 ; 0.00225989678179 ; 0.00997239647262
1535463348.79 ; -0.0137932769321 ; -0.0123055314198 ; 0.00595594764604
1535463349.35 ; 0.193156309515 ; 0.0127129914815 ; 0.00505878560692
1535463349.91 ; -0.421997269007 ; -0.0172153759128 ; 0.00316044768127
1535463350.48 ; 0.240596930209 ; -0.0227441637437 ; -0.00673149313604
1535463351.04 ; 0.13017863421 ; 0.0271777751857 ; -0.00457048120288
1535463351.6 ; -0.137288992098 ; 0.00839268381626 ; 0.00452782343866
1535463352.16 ; 0.133412724825 ; 0.0024341747698 ; 0.00631063653143
1535463352.73 ; 0.236955681651 ; 0.0355323259132 ; 0.0141569795013
1535463353.29 ; -0.455365485175 ; -0.00863126367658 ; 0.0181022510195
1535463353.85 ; 0.10330472477 ; -0.0358817209676 ; 0.00465281447647
1535463354.41 ; 0.705351915347 ; 0.0638495082313 ; 0.0104321677329
1535463354.98 ; -0.503353313873 ; 0.040219663388 ; 0.0330835583296
1535463355.56 ; -0.0637758554173 ; -0.0412369011816 ; 0.0273246022759
1535463356.12 ; 0.159270733431 ; -0.00479320900167 ; 0.0119824600378
1535463356.68 ; -0.243397895707 ; -0.00948434690631 ; 0.00663921310527
1535463357.24 ; 0.210943428567 ; -0.00620395338279 ; 0.00185585532838
1535463357.8 ; 0.228718699756 ; 0.0391490123035 ; 0.0092677955589
1535463358.37 ; -0.589733537619 ; -0.0207949968823 ; 0.0120248251609
1535463358.93 ; 0.412859417705 ; -0.0235127569111 ; -0.000363405168464
1535463359.49 ; -0.218902912067 ; 0.0103452895597 ; -0.00338886992787
1535463360.05 ; 0.27704816805 ; 0.00889936276286 ; 0.00168625417213
1535463360.62 ; -0.485565798602 ; -0.016581518465 ; -0.000395242301286
1535463361.18 ; 0.0317906161245 ; -0.0480671536664 ; -0.0154808873337
1535463361.74 ; 0.168485510617 ; 0.00275310441361 ; -0.0235209946611
1535463362.3 ; -0.292932011645 ; -0.0107488019559 ; -0.021474763306
1535463362.87 ; 0.265921056525 ; -0.00611511228243 ; -0.0218479618623
1535463363.43 ; 0.0707010423883 ; 0.0295188942957 ; -0.0127215571475
1535463363.99 ; -0.345888737761 ; -0.0159583839511 ; -0.00742315539167
1535463364.55 ; -0.176973353484 ; -0.0543358709174 ; -0.0226605363654
1535463365.12 ; 1.19338681009 ; 0.0771744216548 ; -0.013531128835
1535463365.68 ; -0.971672041817 ; 0.046509861932 ; 0.0177115803155
1535463366.24 ; 0.189926044245 ; -0.0577837225168 ; 0.012117399666
1535463366.8 ; -0.47949071901 ; -0.0464067669652 ; -0.0143207675274
1535463367.37 ; 0.511926999876 ; -0.0124281176582 ; -0.0257229606691
1535463367.93 ; -0.959099413052 ; -0.0460647464716 ; -0.0351449435624
1535463368.49 ; 0.290817668735 ; -0.0780028768532 ; -0.0583641999339
1535463369.05 ; 0.0381972983341 ; 0.0048436451087 ; -0.0657832229743
1535463369.62 ; 0.0840117742898 ; 0.0130711196075 ; -0.0506207734825
1535463370.18 ; 0.177928448511 ; 0.0289131447054 ; -0.0323442329316
1535463370.74 ; -0.48324565106 ; -0.018984862921 ; -0.0246266603713
1535463371.3 ; 0.333025464595 ; -0.0204109764611 ; -0.0297553193958
1535463371.87 ; -0.172152625037 ; 0.0082776904498 ; -0.0276397480053
1535463372.43 ; -0.148927126781 ; -0.0273413458963 ; -0.0275010709991
1535463372.99 ; 0.525929715193 ; 0.02622902722 ; -0.0231782501262
1535463373.55 ; -0.38199355182 ; 0.0222366640605 ; -0.0079563653666
1535463374.12 ; 0.054060735194 ; -0.0233301119628 ; -0.00688656991872
1535463374.68 ; 0.779343403551 ; 0.0703521522333 ; 0.00528159004032
1535463375.24 ; -0.597310519841 ; 0.0405158156254 ; 0.0303852670797
1535463375.8 ; -0.0875713555832 ; -0.0507005805569 ; 0.0229340694072
1535463376.37 ; -0.123101220384 ; -0.0366500443204 ; -0.0013603492892
1535463376.93 ; 0.670462527136 ; 0.0390967880539 ; -0.00056018731785
1535463377.49 ; -0.336070606151 ; 0.0443804555612 ; 0.0190975010826
1535463378.05 ; -0.157193437718 ; -0.0314485292837 ; 0.0189454068218
1535463378.62 ; 0.305387943806 ; 0.00340995019716 ; 0.00921650594841
1535463379.18 ; -0.315979628472 ; 0.000143702776494 ; 0.00851328962307
1535463379.74 ; 0.413604597465 ; 0.00919988487596 ; 0.00928422598068
1535463380.3 ; -0.343068828325 ; 0.00967922771824 ; 0.0121615607265
1535463380.87 ; 0.273834739937 ; -0.00326403069316 ; 0.0116381364733
1535463381.43 ; 0.0136238872762 ; 0.0258604250671 ; 0.0149943176152
1535463381.99 ; -0.282800259743 ; -0.0166142447566 ; 0.0146622610334
1535463382.55 ; 0.134398031081 ; -0.0194502715888 ; 0.00376624511926
1535463383.12 ; 0.0907645824619 ; 0.0146249001198 ; 0.00200762711316
1535463383.68 ; -0.0745016382019 ; 0.00639956603247 ; 0.0066004647613
1535463384.24 ; 0.156184599981 ; 0.00979073589326 ; 0.00929487512123
1535463384.8 ; -0.249426557439 ; -0.00547762145908 ; 0.00875658846963
1535463385.37 ; 0.0446352407347 ; -0.0210242704061 ; 0.00108603152657
1535463385.93 ; 0.35875266994 ; 0.0308089975269 ; 0.00319828961423
1535463386.49 ; -0.193352012921 ; 0.0257753727741 ; 0.0159266859885
1535463387.05 ; 0.0463890509591 ; -0.00518544365933 ; 0.0180978127354
1535463387.62 ; -0.000569777824533 ; 0.00256696093285 ; 0.0144678201116
1535463388.18 ; -0.372086597901 ; -0.034079578473 ; 0.00467102250743
1535463388.74 ; 0.370187585517 ; -0.0115378868463 ; -0.00679877105492
1535463389.3 ; -0.218421948514 ; 0.0103817646557 ; -0.00593660294166
1535463389.87 ; 0.177748870414 ; -0.000352349616826 ; -0.00259662559794
1535463390.43 ; -0.0801053832999 ; 0.00903633604439 ; -0.00012861004673
1535463390.99 ; -0.177614737154 ; -0.0211483300076 ; -0.00294582736658
1535463391.55 ; 0.10359931643 ; -0.0139881655045 ; -0.0106897069967
1535463392.12 ; 0.032030276176 ; 0.00805216982202 ; -0.0102992962841
1535463392.68 ; 0.147951411552 ; 0.019557039455 ; -0.00211195367373
1535463393.24 ; -0.126957705787 ; 0.00848707546398 ; 0.00481255208525
1535463393.8 ; -0.116767506182 ; -0.0200196033269 ; 0.00130759602935
1535463394.37 ; -0.0936215656655 ; -0.0263965412263 ; -0.00978877008362
1535463394.93 ; 0.201984055937 ; 0.00135972301739 ; -0.014025073901
1535463395.49 ; 0.009892246456 ; 0.0203161812987 ; -0.00660738994202
1535463396.05 ; -0.211330473528 ; -0.0121120689647 ; -0.00358339117722
1535463396.62 ; -0.0279214999094 ; -0.0264666298891 ; -0.0120278004139
1535463397.18 ; -0.00472425813388 ; -0.0118826356237 ; -0.0190109408663
1535463397.74 ; 0.665185943678 ; 0.0579556461044 ; -0.00504439554565
1535463398.3 ; -0.562689641315 ; 0.0289272349297 ; 0.0161587872804
1535463398.87 ; 0.0502330413216 ; -0.0383989488192 ; 0.0112457899302
1535463399.43 ; 0.213629687473 ; 0.0119367367858 ; 0.00316959730687
1535463399.99 ; 0.33008291656 ; 0.0549504133158 ; 0.0183175284799
1535463400.55 ; -0.57034265437 ; -0.00420679176296 ; 0.0271572451349
1535463401.12 ; 0.601279363662 ; 0.00149796406456 ; 0.0219961754957
1535463401.68 ; 0.0295310204485 ; 0.0596355890438 ; 0.0326577883258
1535463402.24 ; -0.119066987464 ; 0.0114847391283 ; 0.0438832407403
1535463402.8 ; -0.280618841748 ; -0.0336410295455 ; 0.0313766627994
1535463403.37 ; 0.548386454348 ; 0.0138887285162 ; 0.0215179225741
1535463403.93 ; 0.0228964157233 ; 0.0581855518827 ; 0.0348234459786
1535463404.49 ; -0.375543591314 ; -0.013664718039 ; 0.0394538654965
1535463405.05 ; -0.046378445371 ; -0.0441083365563 ; 0.0193382641962
1535463405.62 ; 0.940380562296 ; 0.0691072552757 ; 0.0219741554819
1535463406.18 ; -1.19917761852 ; -0.00122569070331 ; 0.0342210254311
1535463406.74 ; 1.47430777477 ; 0.0253841560903 ; 0.0341795007225
1535463407.3 ; -0.779835179619 ; 0.073566121469 ; 0.0516736513347
1535463407.87 ; -0.390807994214 ; -0.0852218496141 ; 0.0403296620912
1535463408.43 ; 0.704742368656 ; 0.00102332839601 ; 0.0138745168301
1535463408.99 ; -0.867357321059 ; -0.0149036933886 ; 0.00830896127339
1535463409.55 ; 0.571112769102 ; -0.0327393883947 ; -0.00424163548284
1535463410.12 ; -0.154611969855 ; 0.0281327115974 ; -0.00461435544869
1535463410.68 ; -0.162523045732 ; -0.020352879441 ; -0.00202195678269
1535463411.24 ; 0.116003965367 ; -0.0111453404755 ; -0.00906716214727
1535463411.8 ; -0.790101122925 ; -0.0669094987571 ; -0.0258494278149
1535463412.37 ; 0.104238052211 ; -0.0866009758768 ; -0.0575191703452
1535463412.93 ; -0.01983500132 ; -0.0209545010789 ; -0.0731400166142
1535463413.49 ; 0.130811492915 ; 0.00342143493804 ; -0.0650602040658
1535463414.05 ; -0.0531241474306 ; 0.00842164495517 ; -0.0514418854818
1535463414.62 ; -0.0345993594308 ; -0.00541660234678 ; -0.0421639534295
1535463415.18 ; 0.0316943968263 ; -0.00207786466341 ; -0.0368930810247
1535463415.74 ; -0.164626777098 ; -0.0131546994226 ; -0.0343142710621
1535463416.3 ; 0.233704337113 ; 0.00209093753586 ; -0.0311882214386
1535463416.87 ; -0.182351157143 ; 0.00551116022867 ; -0.0242085093262
1535463417.43 ; -0.126568653039 ; -0.0271234054467 ; -0.0252389924848
1535463417.99 ; 0.117475326127 ; -0.00989361033728 ; -0.0297081104319
1535463418.55 ; 0.117622036745 ; 0.0187416014897 ; -0.0226830960269
1535463419.12 ; 0.116908606868 ; 0.0282339078094 ; -0.00789296569313
1535463419.68 ; -0.270193727865 ; -0.00495869021008 ; -0.00112252726091
1535463420.24 ; 0.0626586472157 ; -0.0211087910053 ; -0.00704484215093
1535463420.8 ; 0.146530987369 ; 0.0125744250166 ; -0.00787085819193
1535463421.37 ; 0.178708788231 ; 0.0346821094701 ; 0.00451648582936
1535463421.93 ; 0.116814377253 ; 0.0392649195616 ; 0.0210943972905
1535463422.49 ; -0.114864388607 ; 0.0132711124546 ; 0.0298914263646
1535463423.05 ; -0.236141509945 ; -0.0284819272292 ; 0.0213446141866
1535463423.62 ; 0.18070448785 ; -0.0146910203349 ; 0.00766886201127
1535463424.18 ; 0.253590729224 ; 0.0358167892351 ; 0.0113419025362
1535463424.74 ; -0.189337442681 ; 0.0179625145071 ; 0.0220557731843
1535463425.3 ; -0.0198276715557 ; -0.0136211012634 ; 0.0193972973699
1535463425.87 ; 0.0106380920951 ; -0.00540187007836 ; 0.0117060095036
1535463426.43 ; 0.0940341714936 ; 0.00801207276712 ; 0.0103667536901
1535463426.99 ; -0.580895799511 ; -0.0429708068591 ; 0.000445827606753
1535463427.55 ; 0.823042662128 ; 0.00837730044606 ; -0.0077361994708
1535463428.12 ; -0.584261865157 ; 0.0251771369269 ; 0.00141713836691
1535463428.68 ; 0.492935088379 ; -0.000169125302259 ; 0.00704194050974
1535463429.24 ; -0.950705609327 ; -0.0429713791706 ; -0.00424254055401
1535463429.8 ; 0.608483607564 ; -0.0464061810118 ; -0.0244827123668
1535463430.37 ; -0.443495437301 ; -1.63019315089e-06 ; -0.03127870841
1535463430.93 ; 0.134430193106 ; -0.0289743784244 ; -0.0328566005668
1535463431.49 ; 0.537964461225 ; 0.0533767352171 ; -0.0216613920315
1535463432.05 ; -1.0834765097 ; -0.0333482305465 ; -0.0133570966337
1535463432.62 ; 0.665513559407 ; -0.0502985754699 ; -0.0307348695416
1535463433.18 ; -0.124184824537 ; 0.0339815701912 ; -0.0294365532372
1535463433.74 ; 0.457471658706 ; 0.0425719434439 ; -0.00658874080159
1535463434.3 ; 0.33857138872 ; 0.0888175641729 ; 0.0253029240039
1535463434.86 ; -0.301914620997 ; 0.0330422985168 ; 0.0496456100205
1535463435.43 ; 0.0147457280767 ; -0.0159074592966 ; 0.0453872413251
1535463435.99 ; 0.390556707015 ; 0.0326931190674 ; 0.041756685035
1535463436.55 ; -0.133051436764 ; 0.0350382728955 ; 0.0506714191809
1535463437.11 ; -0.114345284985 ; -0.0115131139445 ; 0.0477396767746
1535463437.68 ; 0.467922214144 ; 0.0293090084698 ; 0.0439538353291
1535463438.24 ; -0.569553515592 ; 0.000242041902529 ; 0.0435540004305
1535463438.8 ; 0.397037770625 ; -0.0160920946231 ; 0.0325802765155
1535463439.36 ; 0.183390060002 ; 0.0490496476042 ; 0.0348744539191
1535463439.93 ; -0.401289769823 ; -0.00407744464946 ; 0.0396020073849
1535463440.49 ; 0.858949987991 ; 0.0415450605599 ; 0.041782851256
1535463441.05 ; -0.0560639682475 ; 0.0891179607562 ; 0.0654427989281
1535463441.61 ; -0.0518154526917 ; 0.019592702733 ; 0.0800136907831
1535463442.18 ; -0.173675258911 ; -0.0146079841628 ; 0.0678463210343
1535463442.74 ; -0.159896138796 ; -0.0361407054889 ; 0.0446447346663
1535463443.3 ; 0.203001034934 ; -0.00800594627928 ; 0.0268574029653
1535463443.86 ; 0.202310517687 ; 0.0353281496928 ; 0.0287846151391
1535463444.43 ; -0.348165583108 ; -0.00189740462063 ; 0.0318222477963
1535463444.99 ; 0.122053188414 ; -0.0218298582967 ; 0.0209576322946
1535463445.55 ; 0.174149367872 ; 0.0204913933069 ; 0.0171510018829
1535463446.11 ; -0.0645952532845 ; 0.0171008666546 ; 0.0231029335546
1535463446.69 ; -0.191350824976 ; -0.0189603380557 ; 0.0188045404175
1535463447.26 ; -0.0437181676282 ; -0.0283571208408 ; 0.00458077816216
1535463447.82 ; 0.205273249552 ; 0.00569293384508 ; -0.00149443483065
1535463448.38 ; -0.204949162899 ; 0.00192802681156 ; 0.000540745785669
1535463448.94 ; -0.191852241652 ; -0.0365562104426 ; -0.00766508729038
1535463449.51 ; 0.082799915753 ; -0.0224087643661 ; -0.020207090393
1535463450.07 ; -0.0686897376825 ; -0.00614680546504 ; -0.0235317182238
1535463450.63 ; 0.205009434665 ; 0.0107306030885 ; -0.0185354740473
1535463451.19 ; -0.430765244309 ; -0.0175871025361 ; -0.0170531720704
1535463451.76 ; 0.266686297733 ; -0.0212442732403 ; -0.0233117872491
1535463452.32 ; -0.0681370409602 ; 0.0115319766861 ; -0.0217027365169
1535463452.88 ; 0.153649595958 ; 0.0118605360145 ; -0.0126031702115
1535463453.44 ; 0.14754831264 ; 0.0321900140444 ; -0.000178587366794
1535463454.01 ; -0.433416712862 ; -0.0160692490882 ; 0.00362935336462
1535463454.57 ; 0.110051418738 ; -0.0356707819413 ; -0.00910165632323
1535463455.13 ; -0.123390920516 ; -0.0131408187964 ; -0.0190247482637
1535463455.69 ; 0.240220742839 ; 0.00657204010105 ; -0.017393446528
1535463456.25 ; -0.31428221232 ; -0.00475233552331 ; -0.0140680606977
1535463456.82 ; 0.134573031305 ; -0.0184313976782 ; -0.0171569262887
1535463457.38 ; 0.344875681694 ; 0.0388031459039 ; -0.00952295579365
1535463457.94 ; -0.778634342297 ; -0.0277291308179 ; -0.0053404111172
1535463458.5 ; 0.990482685487 ; 0.0106171745556 ; -0.00846084345201
1535463459.07 ; -0.653062958781 ; 0.035171031304 ; 0.00368052578511
1535463459.63 ; 0.356266341741 ; -0.0161000150806 ; 0.00753671510734
1535463460.19 ; -0.136636079713 ; 0.0152230457318 ; 0.00607506241711
1535463460.75 ; -0.11104367276 ; -0.018144880232 ; 0.00437776911289
1535463461.32 ; 0.424897451582 ; 0.0233747126539 ; 0.00487385017046
1535463461.88 ; -0.331406625336 ; 0.016556023786 ; 0.0134199749538
1535463462.44 ; 0.122172526908 ; -0.0140963653092 ; 0.0117597756137
1535463463.0 ; 0.291504399058 ; 0.0340820425772 ; 0.0144837893476
1535463463.57 ; -0.459480029109 ; -0.00438655387608 ; 0.019029492222
1535463464.13 ; 0.139204949837 ; -0.031487018813 ; 0.00745030886496
1535463464.69 ; 0.409754603725 ; 0.0409679109461 ; 0.00843061547846
1535463465.25 ; -0.185898568377 ; 0.034641797591 ; 0.0247459674897
1535463465.82 ; -0.0840804342342 ; -0.013762418119 ; 0.0255150802783
1535463466.38 ; -0.197117538667 ; -0.030949034021 ; 0.0107836178961
1535463466.94 ; 0.457232052861 ; 0.014068429782 ; 0.00503011258339
1535463467.5 ; -0.506735721701 ; 4.86315675671e-05 ; 0.00750035838852
1535463468.07 ; -0.0423133353769 ; -0.0514551313916 ; -0.00579762991567
1535463468.63 ; 0.0393330699446 ; -0.0174311044269 ; -0.0209762276214
1535463469.19 ; -0.395539493664 ; -0.0392033473919 ; -0.0307533435952
1535463469.75 ; -0.0102803096169 ; -0.0511124537234 ; -0.0467950318357
1535463470.32 ; 0.565872980371 ; 0.0350479374408 ; -0.0427608803272
1535463470.88 ; -0.394164510943 ; 0.027779687099 ; -0.0209094166433
1535463471.44 ; -0.0206942294659 ; -0.0296315781082 ; -0.0178585337156
1535463472.0 ; 0.217761243165 ; 0.00859738564867 ; -0.0198118790929
1535463472.57 ; -0.239899021405 ; 0.000790445361622 ; -0.0143096972285
1535463473.13 ; 0.0101582260621 ; -0.0212739509336 ; -0.0167253983811
1535463473.69 ; 0.618197560373 ; 0.0518152652287 ; -0.00677992686084
1535463474.25 ; -0.916763007507 ; -0.0107178064786 ; 0.0039819512306
1535463474.82 ; 0.695480745014 ; -0.0243172251394 ; -0.00489280965532
1535463475.38 ; -0.506391654448 ; 0.00962069931959 ; -0.00752171114121
1535463475.94 ; 0.428814689082 ; -0.00406577118512 ; -0.00496618668695
1535463476.5 ; 0.0676395425205 ; 0.0451859265114 ; 0.00549875746945
1535463477.07 ; -0.305985066197 ; -0.00728188500182 ; 0.0134656471883
1535463477.63 ; 0.0370447240546 ; -0.0276397360656 ; 0.00303685015242
1535463478.19 ; 0.78216004753 ; 0.0675848907695 ; 0.0118925723523
1535463478.75 ; -0.564874035531 ; 0.0428982820587 ; 0.0358042352322
1535463479.32 ; -0.18272474711 ; -0.0557857007948 ; 0.0268164712262
1535463479.88 ; 0.295814532298 ; -0.00799340327074 ; 0.00739930703119
1535463480.44 ; -0.464115393607 ; -0.0184421384906 ; -2.95308168479e-05
1535463481.0 ; 0.0672683031752 ; -0.0433506746055 ; -0.0145068637454
1535463481.57 ; 0.252639952868 ; 0.0155403097188 ; -0.0186069195271
1535463482.13 ; -0.136144267214 ; 0.016101245102 ; -0.00809000003619
1535463482.69 ; -0.377745039568 ; -0.0428078150163 ; -0.013000729837
1535463483.25 ; -0.237034050359 ; -0.0719032723178 ; -0.0377186347068
1535463483.82 ; 0.494392946526 ; 0.000159168656272 ; -0.0482468920364
1535463484.38 ; -0.108746590482 ; 0.0362057930559 ; -0.0316830847785
1535463484.94 ; 0.0284957041123 ; 0.00454531625445 ; -0.0168518330236
1535463485.5 ; -0.043417599256 ; 0.00011580715915 ; -0.0129504539856
1535463486.07 ; 0.231902622427 ; 0.017703193877 ; -0.00661710619476
1535463486.63 ; -0.0704122180268 ; 0.0210403857639 ; 0.00356602883981
1535463487.19 ; 0.128944305967 ; 0.0125006521197 ; 0.0108325948976
1535463487.75 ; -0.0119461703962 ; 0.0151350873226 ; 0.0155040692173
1535463488.33 ; -0.157884925784 ; -0.0113184254968 ; 0.0138394089355
1535463488.89 ; -0.0580175610366 ; -0.0240132290995 ; 0.0032521632377
1535463489.46 ; -0.0960672532567 ; -0.0224494018313 ; -0.00817919691942
1535463490.02 ; 0.57572702199 ; 0.0374831205582 ; -0.00329261447241
1535463490.58 ; -0.35384872782 ; 0.0332948728822 ; 0.0138442757311
1535463491.14 ; -0.241098355409 ; -0.0446763195758 ; 0.00886945014956
1535463491.71 ; 0.112123728864 ; -0.0269830062647 ; -0.00940329111417
1535463492.27 ; 0.0279477999654 ; 0.00413699192211 ; -0.0131904562108
1535463492.83 ; 0.0449958799039 ; 0.00821732236905 ; -0.00809656579487
1535463493.39 ; -0.00688030456387 ; 0.00631230330341 ; -0.00334188993717
1535463493.96 ; -0.111620957809 ; -0.00900497787037 ; -0.0034159803432
1535463494.52 ; 0.1620819862 ; 0.00172887564348 ; -0.00455191952356
1535463495.08 ; -0.21538189729 ; -0.00442051336304 ; -0.00442411110584
1535463495.64 ; 0.352957278051 ; 0.0114236134827 ; -0.00204548071234
1535463496.21 ; -0.191802020509 ; 0.0189156386418 ; 0.00540594178597
1535463496.77 ; -0.0349405159698 ; -0.0149512241688 ; 0.00543408159322
1535463497.33 ; 0.07424463824 ; -0.00129906582608 ; 0.000719828397798
1535463497.89 ; 0.0814340315481 ; 0.014161389392 ; 0.00361436825215
1535463498.46 ; 0.0334907621097 ; 0.0154942423996 ; 0.00996224121056
1535463499.02 ; -0.490469989803 ; -0.0376756750668 ; 0.00310326186218
1535463499.58 ; 0.985989001634 ; 0.0338947737911 ; 0.00169993286324
1535463500.14 ; -0.604918829536 ; 0.0470227083072 ; 0.0203811793572
1535463500.71 ; 0.157032569788 ; -0.0263133744011 ; 0.0218378667084
1535463501.27 ; 0.354011571754 ; 0.0391380653521 ; 0.0212039340315
1535463501.83 ; -0.0359030810584 ; 0.0428676941876 ; 0.0368894013417
1535463502.39 ; -0.623930259101 ; -0.047568151568 ; 0.0296395335743
1535463502.96 ; 0.556885889266 ; -0.0221412603869 ; 0.00836198726058
1535463503.52 ; 0.0958197279983 ; 0.0538088640838 ; 0.0143901908293
1535463504.08 ; -0.456376828289 ; -0.0158648655804 ; 0.0208846676355
1535463504.64 ; 0.106600580919 ; -0.0380787554044 ; 0.00476126079805
1535463505.21 ; 0.466504236224 ; 0.0410450406724 ; 0.00466306184708
1535463505.77 ; -0.0071496777662 ; 0.0567356745412 ; 0.026797654657
1535463506.33 ; 0.358661236466 ; 0.0518651642982 ; 0.0477839776527
1535463506.89 ; -0.702476689171 ; -0.0149434498858 ; 0.0484732771185
1535463507.46 ; 0.569245894171 ; -0.017471071111 ; 0.0327975276084
1535463508.02 ; 0.082622544509 ; 0.0552872402599 ; 0.0361941859524
1535463508.58 ; -0.164630998635 ; 0.0107410482102 ; 0.0456366769915
1535463509.14 ; 0.0740429023617 ; -0.00491198225177 ; 0.0393967028521
1535463509.71 ; -0.0552093154821 ; 0.000128280940209 ; 0.031709431377
1535463510.27 ; 0.0911185716339 ; 0.00340913321756 ; 0.0272535780722
1535463510.83 ; 0.0628726996705 ; 0.0155726494467 ; 0.0271600440322
1535463511.39 ; -0.369822812462 ; -0.0235845555948 ; 0.0207556535431
1535463511.96 ; 0.18055928175 ; -0.0256045383377 ; 0.00576796747903
1535463512.52 ; 0.068753177249 ; 0.0148374836299 ; 0.00228318813071
1535463513.08 ; -0.175754571236 ; -0.00508516163913 ; 0.00418826811202
1535463513.64 ; -0.00783757972788 ; -0.0189061760465 ; -0.00213253661076
1535463514.21 ; 0.304453924632 ; 0.0215048278806 ; -0.00116807443831
1535463514.77 ; -0.553537370175 ; -0.0161826339144 ; 0.000273958421824
1535463515.33 ; 0.152683185606 ; -0.0429730964696 ; -0.0136358848794
1535463515.89 ; 0.659641255467 ; 0.0618285976664 ; -0.00694412166403
1535463516.46 ; -0.388929634746 ; 0.0459879402146 ; 0.0194819297167
1535463517.02 ; -0.51816080205 ; -0.0697075314819 ; 0.0106758507337
1535463517.58 ; 0.560450331312 ; -0.0192712844807 ; -0.0119574257506
1535463518.14 ; -0.0136178716084 ; 0.0448399563534 ; -0.00397207735033
1535463518.71 ; 0.0305055024784 ; 0.0165298084591 ; 0.0110729376739
1535463519.27 ; 0.08889801046 ; 0.0167036169388 ; 0.0170162548179
1535463519.83 ; -0.273942957664 ; -0.0117795988347 ; 0.0153342463179
1535463520.39 ; -0.0523841537847 ; -0.034518778981 ; 0.00192768285014
1535463520.96 ; 0.422827373565 ; 0.0232216145868 ; -0.00104128074796
1535463521.52 ; -0.657744821678 ; -0.0142823097955 ; 0.00122735255299
1535463522.08 ; -0.636542126899 ; -0.126095851212 ; -0.0318771662853
1535463522.64 ; 0.313204524247 ; -0.0723438741833 ; -0.0730721176729
1535463523.21 ; 0.324189342418 ; 0.0356390240516 ; -0.0694958389398
1535463523.77 ; -0.493609388493 ; -0.004003286332 ; -0.0504986516567
1535463524.33 ; -0.101237980535 ; -0.0570985095333 ; -0.0564022086598
1535463524.89 ; 0.599194267937 ; 0.0276493188515 ; -0.0539038103085
1535463525.46 ; -0.371677571218 ; 0.0305453705156 ; -0.0312809472176
1535463526.02 ; -0.525598334703 ; -0.0739348310267 ; -0.0362364987521
1535463526.58 ; 0.257172091417 ; -0.0498091893415 ; -0.0591987634454
1535463527.14 ; 0.336210767586 ; 0.0390247879201 ; -0.0518598155329
1535463527.71 ; -0.36386955575 ; 0.0104153336794 ; -0.0316293528018
1535463528.27 ; -0.596694831607 ; -0.0865777745144 ; -0.044207700259
1535463528.83 ; 0.16481983722 ; -0.0693465263862 ; -0.0733835943479
1535463529.39 ; 0.387020044138 ; 0.0286177258302 ; -0.0706984842368
1535463529.96 ; -0.438408595997 ; 0.00472168364243 ; -0.0511016715299
1535463530.52 ; 0.105171221494 ; -0.0296659440458 ; -0.0484308192439
1535463531.08 ; -0.116716558297 ; -0.0109709866389 ; -0.0498829737125
1535463531.64 ; -0.0080510704211 ; -0.0153536087334 ; -0.0477387861277
1535463532.21 ; 0.268971214513 ; 0.019342564488 ; -0.0388474419695
1535463532.77 ; -0.0533012592882 ; 0.0266659284818 ; -0.0215899751286
1535463533.33 ; 0.154024025495 ; 0.0183311860316 ; -0.00744568860979
1535463533.89 ; -0.564163529696 ; -0.0323385371296 ; -0.00948757287972
1535463534.46 ; 0.308315351205 ; -0.0347644759571 ; -0.0236330528045
1535463535.02 ; 0.685627076604 ; 0.0815912582455 ; -0.00871949989555
1535463535.58 ; -0.927723308284 ; 0.00450148788568 ; 0.0129109164171
1535463536.14 ; -0.153080236255 ; -0.0998224742386 ; -0.0115812383513
1535463536.71 ; 0.670455976016 ; 0.0152283578578 ; -0.0294771813255
1535463537.27 ; 0.111991001818 ; 0.0784284403174 ; -0.00261412906474
1535463537.83 ; -0.143914143105 ; 0.0231501305726 ; 0.0216281486637
1535463538.39 ; -0.297152404293 ; -0.0336322445695 ; 0.0155667731887
1535463538.96 ; 0.102354361661 ; -0.0294723835156 ; -0.00181728455526
1535463539.52 ; 0.388278990197 ; 0.0361711892168 ; 5.55755528473e-05
1535463540.08 ; 0.115588400694 ; 0.059293389611 ; 0.0224202356431
1535463540.64 ; -0.926151959772 ; -0.0562230038676 ; 0.0194031242149
1535463541.21 ; 0.490938169059 ; -0.0595408587796 ; -0.0109619306201
1535463541.77 ; 0.473704876956 ; 0.0705863777324 ; -0.00654620463979
1535463542.33 ; -0.752011475632 ; -0.00256143362867 ; 0.0104875540354
1535463542.89 ; 0.0986355057466 ; -0.0621059650255 ; -0.00641633708358
1535463543.46 ; 0.517635604183 ; 0.037071885444 ; -0.0112141532961
1535463544.02 ; 0.0402048791398 ; 0.0646528897997 ; 0.0144957271715
1535463544.58 ; -0.313410235741 ; -0.0040613983987 ; 0.0262805483058
1535463545.14 ; -0.778512825221 ; -0.103718115302 ; -0.00335951004734
1535463545.71 ; 1.16868752144 ; 0.00200487032126 ; -0.0266377847369
1535463546.27 ; -0.165307306056 ; 0.0947318361564 ; 0.000473704399282
1535463546.83 ; -0.65832409818 ; -0.0456359726409 ; 0.0119012699027
1535463547.39 ; 0.499043991614 ; -0.0301440261792 ; -0.00784264769954
1535463547.96 ; 0.395339525082 ; 0.0737974606368 ; 0.00369536967875
1535463548.52 ; -0.189396584706 ; 0.0439056822646 ; 0.0306652602003
1535463549.08 ; 0.0230182550723 ; -0.000962271580687 ; 0.0356189424901
1535463549.64 ; -0.210150688762 ; -0.0178639841295 ; 0.0252701587361
1535463550.21 ; 0.2917286024 ; 0.00169291469103 ; 0.017268546317
1535463550.77 ; 0.0880213451111 ; 0.036164911812 ; 0.023263146418
1535463551.33 ; -1.10620022365 ; -0.0833961030142 ; 0.00831651557814
1535463551.89 ; 1.00488589228 ; -0.0372966136046 ; -0.0213560145885
1535463552.45 ; -0.396579167416 ; 0.0445953423241 ; -0.0160860755333
1535463553.02 ; 1.01427778658 ; 0.0727717824154 ; 0.0141016326819
1535463553.58 ; -0.436046629327 ; 0.0784648923495 ; 0.0471964496073
1535463554.14 ; 0.374661734558 ; 0.0204003351261 ; 0.0625010873666
1535463554.7 ; -0.127741045839 ; 0.0299482688891 ; 0.0638843584254
1535463555.27 ; 0.0782374056568 ; 0.00534194739707 ; 0.0615078293351
1535463555.83 ; -0.0690248446906 ; 0.00264430073166 ; 0.0531282450224
1535463556.39 ; 0.511518474662 ; 0.0423640333182 ; 0.0548220662428
1535463556.95 ; -0.315679622698 ; 0.0324804819632 ; 0.0632260172633
1535463557.52 ; 0.537270000725 ; 0.031600379338 ; 0.0677069049035
1535463558.08 ; -0.973964091471 ; -0.030405223015 ; 0.0567025260178
1535463558.64 ; 1.54862005165 ; 0.0437371864851 ; 0.0503766832979
1535463559.2 ; -1.27206238706 ; 0.0405055190103 ; 0.0617243258583
1535463559.77 ; -0.423287995297 ; -0.145432745076 ; 0.0268453179863
1535463560.33 ; 0.829268964522 ; -0.0104182209348 ; -0.014155171315
1535463560.89 ; -0.133516334227 ; 0.0617518570404 ; 0.000234936903364
1535463561.45 ; -0.661457306634 ; -0.0539424572778 ; 0.0020260506376
1535463562.02 ; 0.564834857751 ; -0.0270389317913 ; -0.0172911307107
1535463562.58 ; 0.0608202290523 ; 0.0496401982201 ; -0.00911228339173
1535463563.14 ; 0.148167076384 ; 0.0361386282719 ; 0.0125101612571
1535463563.7 ; -0.620898907858 ; -0.032270821864 ; 0.0113316192323
1535463564.27 ; 0.153116326003 ; -0.0546101635695 ; -0.0109190676203
1535463564.85 ; 0.417604915705 ; 0.0367867344739 ; -0.0133925297781
1535463565.41 ; -0.06317546597 ; 0.0454888931202 ; 0.00812226304101
1535463565.97 ; -0.590945578032 ; -0.046158804107 ; 0.00661154747062
1535463566.53 ; -0.0819850656267 ; -0.0784717243079 ; -0.0236998276827
1535463567.1 ; 0.576383428415 ; 0.0201910334254 ; -0.0334089301545
1535463567.66 ; -0.309514570334 ; 0.031748504589 ; -0.0156678328864
1535463568.22 ; -0.138537117565 ; -0.0314205865596 ; -0.0129796742232
1535463568.78 ; 0.161468290821 ; -0.00832379605586 ; -0.0201312045358
1535463569.35 ; -0.355186112373 ; -0.0209351902941 ; -0.0236334072151
1535463569.91 ; 0.677373637144 ; 0.0232254546347 ; -0.0191577471494
1535463570.47 ; -0.197027566086 ; 0.0527728117431 ; 0.0018467306102
1535463571.03 ; -0.518047340359 ; -0.0494460281635 ; 0.00231864187427
1535463571.6 ; 0.418904688537 ; -0.0257764517757 ; -0.0156977234305
1535463572.16 ; -0.0319137775388 ; 0.0276861098226 ; -0.0126338864567
1535463572.72 ; 0.1477589454 ; 0.0200888241025 ; 0.000668636489749
1535463573.28 ; -0.283379618987 ; -0.00601782393588 ; 0.00385499967567
1535463573.84 ; -0.0755647063195 ; -0.0356558878089 ; -0.00655446182719
1535463574.41 ; 0.456774370374 ; 0.0238521557504 ; -0.00822847735034
1535463574.97 ; -0.14228401795 ; 0.0374330394247 ; 0.00750609305194
1535463575.53 ; -0.0904874341762 ; -0.00934390386807 ; 0.012838245457
1535463576.09 ; -0.346349109419 ; -0.0440668281437 ; -0.00181922571701
1535463576.66 ; 0.372961646907 ; -0.012194106154 ; -0.014701708429
1535463577.22 ; 0.404785770346 ; 0.0688470476875 ; 0.00102623240743
1535463577.78 ; -0.690451133808 ; -0.00383120382303 ; 0.0160927653791
1535463578.34 ; 0.383922296583 ; -0.0300135374128 ; 0.0054784446974
1535463578.91 ; -0.0513490685326 ; 0.0211729589926 ; 0.00249344432424
1535463579.47 ; 0.213474967653 ; 0.0222565179633 ; 0.0122563605572
1535463580.03 ; -0.238975840464 ; 0.00502822977314 ; 0.0166082363408
1535463580.59 ; -0.229516221338 ; -0.0422438069173 ; 0.00511804375887
1535463581.16 ; 0.428167831813 ; 0.00454195639913 ; -0.00457116246373
1535463581.72 ; 0.10825893431 ; 0.051801927169 ; 0.00939575272376
1535463582.28 ; -0.383751505699 ; -0.00855934226794 ; 0.0179644697733
1535463582.84 ; 0.125188139688 ; -0.0270924433119 ; 0.00661484423443
1535463583.41 ; -0.218990081339 ; -0.0178245265532 ; -0.00501478135288
1535463583.97 ; 0.449385233397 ; 0.0156573042479 ; -0.00468690996501
1535463584.53 ; 0.0347455188155 ; 0.0506050705149 ; 0.0116240447483
1535463585.09 ; -0.406694543779 ; -0.0180003714795 ; 0.0173281031557
1535463585.66 ; -0.044930508019 ; -0.0483387700528 ; -0.00110770879001
1535463586.22 ; 0.400312737096 ; 0.0172032144765 ; -0.00822027926289
1535463586.78 ; -0.287557263331 ; 0.0163049661415 ; 0.00100305071768
1535463587.34 ; 0.131278153785 ; -0.00921555680867 ; 0.0024973854835
1535463587.91 ; -0.0266919434009 ; 0.00673287638042 ; 0.00149928990898
1535463588.47 ; 0.0884433075408 ; 0.00803325676727 ; 0.00471008576069
1535463589.03 ; -0.0682985931162 ; 0.00456625839666 ; 0.00687798770843
1535463589.59 ; -0.160467987221 ; -0.0199240989968 ; 0.00213227695786
1535463590.16 ; 0.316006878818 ; 0.00793991031009 ; -0.0010318015168
1535463590.72 ; -0.426810502445 ; -0.0077408903363 ; -0.000813190694709
1535463591.28 ; 0.473003471006 ; 0.00175016370022 ; -0.0020816932137
1535463591.84 ; -0.38850219262 ; 0.00850510069534 ; 0.000668747671364
1535463592.41 ; 0.106879949626 ; -0.0235663914665 ; -0.00297261202228
1535463592.97 ; -0.0279600006132 ; -0.000456969482007 ; -0.00810746098702
1535463593.53 ; 0.0601129749364 ; 0.00286193769054 ; -0.00619256811677
1535463594.09 ; 0.0441545082791 ; 0.0107286911785 ; -0.00197528859894
1535463594.66 ; 0.0626813278707 ; 0.0135917886174 ; 0.0040538670821
1535463595.22 ; 0.04210871934 ; 0.0143543133573 ; 0.00992785701827
1535463595.78 ; -0.280953941346 ; -0.0176062091755 ; 0.00751107694325
1535463596.34 ; 0.23201109858 ; -0.0104569898194 ; -0.000317883542566
1535463596.91 ; 0.10659252381 ; 0.0282574172085 ; 0.00390693959366
1535463597.47 ; -0.337801860676 ; -0.012256001267 ; 0.00700598768817
1535463598.03 ; -0.0422133141242 ; -0.0397106087592 ; -0.00634095880759
1535463598.59 ; -0.0662286527472 ; -0.0234029807984 ; -0.0200759096593
1535463599.16 ; 0.519597193449 ; 0.034701406329 ; -0.0140819123523
1535463599.72 ; -0.348779219398 ; 0.0275806078021 ; 0.00286177044971
1535463600.28 ; -0.084268152854 ; -0.0314035022949 ; 0.00148884325595
1535463600.84 ; -0.0833425612748 ; -0.0261807790868 ; -0.0122551327149
1535463601.41 ; 1.00129039294 ; 0.0773286766783 ; 0.00177489844251
1535463601.97 ; -1.16056530201 ; 0.0108446015626 ; 0.0221441422917
1535463602.53 ; 0.274651750696 ; -0.0794362895682 ; 0.0023779019189
1535463603.09 ; 0.681800497384 ; 0.0631849864923 ; -0.00182715924149
1535463603.66 ; -0.981294184244 ; -0.007015121228 ; 0.0116418279317
1535463604.22 ; 0.804648075235 ; -0.0188984129966 ; 0.00362823433767
1535463604.78 ; -0.312029048501 ; 0.039882172938 ; 0.00794144934801
1535463605.34 ; 0.096116533014 ; -0.0069471315298 ; 0.0143367924888
1535463605.91 ; 0.00406191162016 ; 0.00707571613876 ; 0.0119774631209
1535463606.47 ; -0.390226394021 ; -0.0338430592158 ; 0.00370784659784
1535463607.03 ; 1.06454112325 ; 0.0519339765119 ; 0.00732979611831
1535463607.59 ; -1.10390583988 ; 0.0136209818648 ; 0.0214721965266
1535463608.16 ; 0.861895279013 ; -0.018147431929 ; 0.016832644546
1535463608.72 ; -0.899777836125 ; -0.00960050123764 ; 0.00752402452523
1535463609.28 ; 0.560667008464 ; -0.0349907426432 ; -0.00418070239724
1535463609.84 ; -0.373320521753 ; 0.00589974280173 ; -0.010301962806
1535463610.41 ; 0.360349909855 ; 0.00075063348582 ; -0.0070263478429
1535463610.97 ; -0.878097808613 ; -0.0482870907642 ; -0.0169962881472
1535463611.53 ; 0.999942709215 ; -0.00467310061604 ; -0.0265757237265
1535463612.09 ; -0.921747106741 ; 0.00577290137828 ; -0.0218886789385
1535463612.66 ; -0.119982664534 ; -0.0957350921579 ; -0.0393248554711
1535463613.22 ; 1.21037030417 ; 0.0703092408464 ; -0.038729727563
1535463613.78 ; -2.31713057517 ; -0.0803179199418 ; -0.0346204567106
1535463614.34 ; 0.805838713172 ; -0.168451507829 ; -0.0871537628971
1535463614.91 ; -0.0393649647494 ; 0.0157046143462 ; -0.108427293639
1535463615.47 ; 0.0482387317995 ; 0.00606675890074 ; -0.0852535854512
1535463616.03 ; -0.0909730993136 ; -0.00198397342165 ; -0.0700877804927
1535463616.59 ; 0.28234968221 ; 0.0172796218029 ; -0.0548216877135
1535463617.16 ; -0.562831160461 ; -0.0205343284437 ; -0.0464475344708
1535463617.72 ; 0.886347326926 ; 0.0234840545694 ; -0.0380149551258
1535463618.28 ; -1.16811289909 ; -0.018586619688 ; -0.0305313314059
1535463618.84 ; 1.27099497529 ; 0.00344944625185 ; -0.0289904745048
1535463619.41 ; -1.02540070409 ; 0.0241733024384 ; -0.0176849214371
1535463619.97 ; 0.449498524328 ; -0.0459313226669 ; -0.0198368062506
1535463620.53 ; -0.368431820907 ; -0.00771067904076 ; -0.0291026163617
1535463621.09 ; 0.273472201656 ; -0.0114723887831 ; -0.0287480593693
1535463621.66 ; -0.27600305752 ; -0.0040613888839 ; -0.0275973156578
1535463622.22 ; 0.733763735406 ; 0.0415602850094 ; -0.0142091604285
1535463622.78 ; 0.106380483314 ; 0.0926144116322 ; 0.0196052144931
1535463623.34 ; 0.247775342186 ; 0.0640726925927 ; 0.0530602381727
1535463623.91 ; -0.359318195724 ; 0.0109009402592 ; 0.0617879389321
1535463624.47 ; 0.303337194356 ; -0.00161444088057 ; 0.0536664179726
1535463625.03 ; -0.0720654802594 ; 0.0211429605122 ; 0.0492988817869
1535463625.59 ; 0.0785275670131 ; 0.00765345256769 ; 0.0478313205087
1535463626.16 ; -0.0909770520814 ; 0.00138405318538 ; 0.0419775237533
1535463626.72 ; 0.0768569424512 ; -0.000862376673234 ; 0.0351035347212
1535463627.28 ; -0.105321676433 ; -0.00295593721496 ; 0.0283580586287
1535463627.84 ; -0.137601408649 ; -0.0237587821106 ; 0.0173706097602
1535463628.41 ; 0.257100721771 ; 0.00328302970857 ; 0.00967669079997
1535463628.97 ; 0.114976447654 ; 0.0359755281335 ; 0.0172648565951
1535463629.53 ; -0.325901786634 ; -0.0077817373046 ; 0.0209950761573
1535463630.09 ; 0.194673663477 ; -0.0148961787487 ; 0.012180920175
1535463630.66 ; 0.155085859025 ; 0.0278234504627 ; 0.0131804933838
1535463631.22 ; -0.201268566088 ; 0.00494501619236 ; 0.0186635673963
1535463631.78 ; -0.20605594535 ; -0.0365378486479 ; 0.0081484968775
1535463632.34 ; 0.530577588725 ; 0.0182436024526 ; 0.00250284368481
1535463632.91 ; -0.300429324271 ; 0.0276565214682 ; 0.012843006562
1535463633.47 ; -0.219818104287 ; -0.039553053553 ; 0.00791433021528
1535463634.03 ; -0.0128141838853 ; -0.034993008854 ; -0.0108759620297
1535463634.59 ; 0.225250047648 ; 0.00825099413214 ; -0.0153307940273
1535463635.16 ; -0.119532247154 ; 0.0126627866585 ; -0.00787329624384
1535463635.72 ; -0.256749584722 ; -0.0310478971872 ; -0.0108691626739
1535463636.28 ; 0.244052898197 ; -0.011539575585 ; -0.0190387571911
1535463636.84 ; 0.00237897790766 ; 0.0192557679349 ; -0.0140572028346
1535463637.41 ; -0.233054180026 ; -0.015206514255 ; -0.0107653224358
1535463637.97 ; 0.271688754053 ; -0.00144697572675 ; -0.0128741247768
1535463638.53 ; -0.0900711523221 ; 0.0165439640783 ; -0.00719015565664
1535463639.09 ; -0.243411464107 ; -0.0257480552108 ; -0.00814891654833
1535463639.66 ; 0.175992200199 ; -0.0149030053096 ; -0.0163180007276
1535463640.22 ; 0.166825580023 ; 0.0271704222933 ; -0.0107232543581
1535463640.78 ; -0.221904185038 ; 0.00389332609448 ; -0.00165567368212
1535463641.34 ; -0.0686214920556 ; -0.0259380833064 ; -0.006546292844
1535463641.91 ; -0.0497756291303 ; -0.0197454426665 ; -0.0161620163738
1535463642.47 ; 0.423600970805 ; 0.028463182619 ; -0.011425192495
1535463643.03 ; -0.289660444112 ; 0.0220442527433 ; 0.00231631010748
1535463643.59 ; -0.381262759282 ; -0.0555490732038 ; -0.00592219755579
1535463644.16 ; 0.835479162731 ; 0.0240649861737 ; -0.0123139973145
1535463644.72 ; -0.366964764663 ; 0.0519436395318 ; 0.00755235131886
1535463645.28 ; -0.0244561184224 ; -0.0193797303411 ; 0.0139254947017
1535463645.84 ; 0.453303968364 ; 0.0337439964283 ; 0.0149711552656
1535463646.41 ; -0.131470740746 ; 0.0414186234138 ; 0.0300914774735
1535463646.97 ; -0.174540764868 ; -0.0148814588614 ; 0.0312956814526
1535463647.53 ; -0.0776863150065 ; -0.0286058529458 ; 0.015887793286
1535463648.09 ; 0.272506880765 ; 0.00872858633846 ; 0.00858123555053
1535463648.66 ; -0.807653981047 ; -0.04725883195 ; -0.00187919430652
1535463649.22 ; -0.515998083027 ; -0.139841327602 ; -0.045416182559
1535463649.78 ; 0.805023068124 ; -0.0195182577556 ; -0.0751959300698
1535463650.34 ; -0.477728097614 ; 0.0241767771241 ; -0.0615714716038
1535463650.9 ; 0.196784340583 ; -0.0182785691078 ; -0.0499272187282
1535463651.47 ; 0.0868056150148 ; 0.0204929018795 ; -0.0410870469817
1535463652.03 ; 0.218750902858 ; 0.035475773805 ; -0.0211220589734
1535463652.59 ; -0.530717349679 ; -0.0174208154792 ; -0.0133701979503
1535463653.15 ; 0.469890084355 ; -0.0115093012525 ; -0.0179220978183
1535463653.72 ; 0.0909817169383 ; 0.0487436038051 ; -0.00620857297056
1535463654.28 ; -0.142654566749 ; 0.0114037004755 ; 0.00892274159925
1535463654.84 ; -0.0278284978907 ; -0.0121811270317 ; 0.00725341351579
1535463655.4 ; 0.364848921788 ; 0.0275346730317 ; 0.00964292844598
1535463655.97 ; -0.445173175088 ; 0.00164816073593 ; 0.0148751959686
1535463656.53 ; 0.281277974966 ; -0.0148152931412 ; 0.00931004939383
1535463657.09 ; -0.0602125945095 ; 0.0157857895445 ; 0.00798582735863
1535463657.65 ; 0.215050224369 ; 0.0197775700277 ; 0.0149897959591
1535463658.22 ; -0.303932395659 ; -0.00173983762547 ; 0.0167189163513
1535463658.78 ; 0.348609063721 ; 0.00360837281113 ; 0.0143703557902
1535463659.34 ; -0.275571354881 ; 0.00804983235114 ; 0.0147075910431
1535463659.9 ; 0.406966036206 ; 0.0150011581226 ; 0.0176587391779
1535463660.47 ; -0.208938267448 ; 0.0235649306689 ; 0.0237542710271
1535463661.03 ; 0.0412814496852 ; -0.00786231680897 ; 0.0234754011862
1535463661.59 ; 0.143396411769 ; 0.0146923442738 ; 0.0211635819772
1535463662.15 ; -0.185594756279 ; 0.000941549480375 ; 0.0213003304517
1535463662.72 ; -0.173705932545 ; -0.0333697473882 ; 0.0101501065575
1535463663.28 ; 0.297150110768 ; 0.000449333549543 ; 0.000742906169792
1535463663.84 ; -0.240167039721 ; 0.00549175055906 ; 0.00201148048651
1535463664.4 ; 0.0258040052562 ; -0.0182653461818 ; -0.00131748764039
1535463664.97 ; 0.640549269 ; 0.0563800524543 ; 0.00783492500714
1535463665.53 ; -0.483621854625 ; 0.0335048781215 ; 0.0275952865155
1535463666.09 ; 0.362597262531 ; -0.00017733960214 ; 0.0308069225869
1535463666.65 ; -0.0405838545252 ; 0.0301286841251 ; 0.0326920587068
1535463667.22 ; -0.0331805625105 ; 0.00312772682657 ; 0.0350375760593
1535463667.78 ; -0.180721927649 ; -0.0190162736635 ; 0.0254730822476
1535463668.34 ; -0.060246399701 ; -0.0289220316036 ; 0.009995761841
1535463668.9 ; 0.293302800265 ; 0.0122076194854 ; 0.00441249402817
1535463669.47 ; 0.13907961653 ; 0.0446043364537 ; 0.0169921434921
1535463670.03 ; -0.345619980688 ; -0.00449418523509 ; 0.0235605178871
1535463670.59 ; -0.0332341477073 ; -0.0370144319373 ; 0.00990551263698
1535463671.15 ; 0.0291296015042 ; -0.0127230239629 ; -0.0034050088521
1535463671.72 ; 0.190518898382 ; 0.016345548935 ; -0.00198870444184
1535463672.28 ; -0.312765745628 ; -0.0060117175748 ; 0.000764651791305
1535463672.84 ; 0.274883873936 ; -0.00555525455957 ; -0.00207374066506
1535463673.4 ; -0.4290669481 ; -0.0163060287415 ; -0.006851718676
1535463673.97 ; 0.764503852893 ; 0.0260104806878 ; -0.00343538489969
1535463674.53 ; -0.362573751723 ; 0.0463501649092 ; 0.0140962814474
1535463675.09 ; -0.280732018733 ; -0.044857381431 ; 0.0120967579493
1535463675.65 ; 0.146429465376 ; -0.0275428765711 ; -0.00688757469002
1535463676.22 ; -0.0491785208133 ; -6.39223974333e-05 ; -0.0122098190489
1535463676.78 ; 1.38476180746 ; 0.125186016808 ; 0.0191497964462
1535463677.34 ; -0.861682593408 ; 0.0907660598983 ; 0.0665706016027
1535463677.9 ; -0.519846677053 ; -0.099257251617 ; 0.0534854668466
1535463678.47 ; 0.131213368465 ; -0.0695188260155 ; 0.00501573755437
1535463679.03 ; -0.029350476824 ; -0.0136234335345 ; -0.0153064049657
1535463679.59 ; -0.144309578185 ; -0.0208211122081 ; -0.0208279493911
1535463680.15 ; 0.129127111843 ; -0.00836367627867 ; -0.0241965657573
1535463680.72 ; -0.340316729269 ; -0.0225862473729 ; -0.0274174471857
1535463681.28 ; 0.016203602285 ; -0.0379135433959 ; -0.037027132479
1535463681.84 ; -0.0429628529681 ; -0.0151464339783 ; -0.0432914120784
1535463682.4 ; -0.152202797129 ; -0.0233450093837 ; -0.0450973219864
1535463682.97 ; 0.695643240157 ; 0.0431646840483 ; -0.0329359736957
1535463683.53 ; -0.354878143725 ; 0.0463337642172 ; -0.00647122833098
1535463684.09 ; 0.114555817756 ; -0.00708499016723 ; 0.0038059799081
1535463684.65 ; -0.160936905402 ; -0.00670975028642 ; -6.13882211966e-05
1535463685.22 ; 0.105697142563 ; -0.00741511803224 ; -0.00336154938338
1535463685.78 ; 0.328754775272 ; 0.0382567974644 ; 0.00442698542031
1535463686.34 ; -0.199720478494 ; 0.0248489081206 ; 0.0184791593171
1535463686.9 ; -0.103247133961 ; -0.0201194376911 ; 0.0165077375842
1535463687.47 ; 0.121612231846 ; -0.00498481260373 ; 0.00787284881019
1535463688.03 ; 0.0265695907953 ; 0.0122298705144 ; 0.00825869797565
1535463688.59 ; -0.139584616204 ; -0.00651823424274 ; 0.0082208750484
1535463689.15 ; -0.13977918435 ; -0.0283622240768 ; -0.00132410447172
1535463689.72 ; 0.0073076248567 ; -0.0218729254463 ; -0.0128769442144
1535463690.28 ; 0.181815126127 ; 0.010438689066 ; -0.0134105962618
1535463690.84 ; -0.0474126379017 ; 0.0160794384679 ; -0.00496048724478
1535463691.4 ; -0.107148983392 ; -0.00912984783545 ; -0.00250498429656
1535463691.97 ; 0.0679367649348 ; -0.00671930967246 ; -0.00580201354482
1535463692.53 ; 0.06594687019 ; 0.01031162406 ; -0.00399307580676
1535463693.09 ; -0.256455540005 ; -0.0144220562187 ; -0.00429089589266
1535463693.65 ; 0.0987099448717 ; -0.0195957132773 ; -0.0115485058522
1535463694.22 ; 0.0558401603327 ; 0.00795662750545 ; -0.0123515638555
1535463694.78 ; 0.351595021978 ; 0.0408478327884 ; 0.00114514885245
1535463695.34 ; -0.278777624986 ; 0.0204423553246 ; 0.0153187158132
1535463695.9 ; 0.141704655259 ; -0.00603608574826 ; 0.0161419643324
1535463696.47 ; -0.175551792414 ; -0.00518510757842 ; 0.0108217444444
1535463697.03 ; -0.171411912162 ; -0.0342552927611 ; -0.000225460949822
1535463697.59 ; 0.598108012818 ; 0.0285829720857 ; -0.0015172892036
1535463698.15 ; 0.129240641917 ; 0.0777140503463 ; 0.0236480277127
1535463698.72 ; 0.222228659061 ; 0.0588539946844 ; 0.051713916338
1535463699.28 ; -0.77006072086 ; -0.0317394289787 ; 0.0494496803574
1535463699.84 ; 0.963596493276 ; 0.007563684508 ; 0.0355420281577
1535463700.4 ; -0.695235557139 ; 0.0276791275261 ; 0.0378780827754
1535463700.97 ; 0.762255553198 ; 0.015509332695 ; 0.0416870940494
1535463701.53 ; -0.273356261708 ; 0.0510024542648 ; 0.0503273900923
1535463702.09 ; -0.135547673458 ; -0.0213324309824 ; 0.0488931322848
1535463702.65 ; 0.0111689331213 ; -0.0187710701157 ; 0.0313452180304
1535463703.22 ; -0.129367220352 ; -0.0173376947865 ; 0.0176583425018
1535463703.78 ; -0.0756591825121 ; -0.0249998458377 ; 0.00479273977361
1535463704.34 ; -0.112218140598 ; -0.0259463106564 ; -0.00794623677107
1535463704.9 ; -0.0670250327962 ; -0.0254524331104 ; -0.0186681688219
1535463705.47 ; 0.196572808161 ; 0.00366037272497 ; -0.0206640747119
1535463706.03 ; 0.0888597954221 ; 0.0279786709087 ; -0.00980487199306
1535463706.59 ; -0.277508980779 ; -0.00835916522751 ; -0.00357252780529
1535463707.15 ; 0.122778055447 ; -0.0172917978135 ; -0.00898879614772
1535463707.72 ; -0.265674536668 ; -0.0191601881309 ; -0.016033912982
1535463708.28 ; 0.245574051444 ; -0.00827108996263 ; -0.0197905955759
1535463708.84 ; 0.167421996488 ; 0.0359598232841 ; -0.0100028719162
1535463709.4 ; -0.012369849913 ; 0.0265223090562 ; 0.00630808247048
1535463709.97 ; 0.0441277012851 ; 0.0118179786535 ; 0.0142424699017
1535463710.53 ; -0.210243857194 ; -0.0116335089262 ; 0.0119119584711
1535463711.09 ; 0.217200309779 ; -0.00322568629361 ; 0.00644410117571
1535463711.65 ; 0.121704555038 ; 0.0306960922969 ; 0.0118082560496
1535463712.22 ; -0.329439348692 ; -0.00924237973124 ; 0.0148682397086
1535463712.78 ; 0.103980966554 ; -0.0242168715276 ; 0.00454842706259
1535463713.34 ; 0.145418800348 ; 0.0153080655353 ; 0.00170243236198
1535463713.9 ; -0.284661817015 ; -0.00795106764977 ; 0.0031429534718
1535463714.47 ; 0.676838092115 ; 0.0341147985431 ; 0.00875102359758
1535463715.03 ; -0.510732908569 ; 0.0269434588394 ; 0.0216025877536
1535463715.59 ; -0.318876138692 ; -0.0687919261153 ; 0.00819427115435
1535463716.15 ; 1.0064913505 ; 0.0415319178998 ; 0.000439630271714
1535463716.72 ; -0.489813716121 ; 0.0622806120112 ; 0.0246964714756
1535463717.28 ; 0.525353774367 ; 0.0240919898445 ; 0.040823396573
1535463717.84 ; -0.392075906903 ; 0.0205250184933 ; 0.0444762361601
1535463718.4 ; 0.0177138048164 ; -0.0282535841744 ; 0.035252208973
1535463718.97 ; 0.205558312625 ; 0.0115131898558 ; 0.0254534439331
1535463719.53 ; -0.284549534761 ; -0.0035675150712 ; 0.023073425024
1535463720.09 ; 0.216422957825 ; -0.00757578651717 ; 0.0166162458267
1535463720.65 ; 0.0179999271991 ; 0.0194513430212 ; 0.0166301366535
1535463721.22 ; -0.0321656562542 ; 0.00515579344296 ; 0.0196255297041
1535463721.78 ; -0.168322742505 ; -0.0170765203671 ; 0.0135607871882
1535463722.34 ; 0.0160973080731 ; -0.0199629752444 ; 0.00261972658112
1535463722.9 ; -0.167449791465 ; -0.0208432415043 ; -0.00738059618102
1535463723.47 ; 0.274107443896 ; 0.00305098392793 ; -0.0103203804368
1535463724.03 ; -0.209426841102 ; 0.00708062638264 ; -0.0062257893051
1535463724.59 ; -0.132276750503 ; -0.0296737697024 ; -0.0104833045207
1535463725.15 ; 0.377938627486 ; 0.0131384803716 ; -0.0126113664905
1535463725.72 ; -0.224518418257 ; 0.0187623332538 ; -0.003032877335
1535463726.28 ; -0.188566891455 ; -0.0324712578799 ; -0.00574031259221
1535463726.84 ; 0.180849461611 ; -0.0115472346881 ; -0.0151000432122
1535463727.4 ; 0.297437710842 ; 0.0409891468464 ; -0.0056831054432
1535463727.96 ; 0.228758082273 ; 0.0629921481854 ; 0.0196338271329
1535463728.53 ; -0.0389512950507 ; 0.038791165651 ; 0.04021617789
1535463729.09 ; -0.0961028120448 ; 0.000269538268106 ; 0.0426679925868
1535463729.65 ; -0.51811796959 ; -0.0574923270974 ; 0.0221453081092
1535463730.21 ; 0.48221359997 ; -0.0225300480947 ; -0.00030028814422
1535463730.78 ; 0.0202292319376 ; 0.0395918232438 ; 0.00374842868245
1535463731.34 ; -0.198416379447 ; -0.0035075016046 ; 0.011580817236
1535463731.9 ; -0.100824506295 ; -0.0292218587265 ; 0.0019800493339
1535463732.46 ; 0.190397611447 ; -0.0013433794417 ; -0.00551348314639
1535463733.03 ; 0.306344792106 ; 0.0461198925252 ; 0.00589949449503
1535463733.59 ; -0.53351052575 ; -0.00592288522809 ; 0.0143371514525
1535463734.15 ; 0.736583554711 ; 0.0170631881149 ; 0.0145585505911
1535463734.71 ; -0.207182790168 ; 0.0553171156898 ; 0.0290955976857
1535463735.28 ; 0.0418857846083 ; 0.00294288436902 ; 0.0379006311486
1535463735.84 ; 0.123166655717 ; 0.0164540768149 ; 0.0361298602072
1535463736.4 ; -0.00583868303795 ; 0.0164838773432 ; 0.0378278306149
1535463736.96 ; -0.28953292624 ; -0.0221955823127 ; 0.0301845538824
1535463737.53 ; 0.436475246607 ; 0.00637684797983 ; 0.0214464047587
1535463738.09 ; -1.55284716857 ; -0.10253145697 ; -0.00466363073411
1535463738.65 ; 0.678436841597 ; -0.116150340801 ; -0.0551381673711
1535463739.21 ; -0.357398405338 ; -0.00862028158158 ; -0.0751907569754
1535463739.78 ; -0.389299484305 ; -0.0728737432904 ; -0.0817584138036
1535463740.34 ; 0.696528110076 ; 0.00451052028989 ; -0.084154132548
1535463740.9 ; 0.443518348531 ; 0.108379827065 ; -0.0436705200101
1535463741.46 ; -0.135326559273 ; 0.0650184993315 ; 0.00424659966463
1535463742.03 ; 0.487560689523 ; 0.0546936770958 ; 0.0315954349094
1535463742.59 ; -0.481466237681 ; 0.0188025672394 ; 0.0435548097915
1535463743.15 ; 0.43609447492 ; 0.00201407831054 ; 0.0411743941476
1535463743.71 ; -0.206987971531 ; 0.022149411339 ; 0.0399751329776
1535463744.29 ; -0.113664561975 ; -0.0235120512156 ; 0.0329843815695
1535463744.86 ; 0.14807007388 ; -0.00461193073191 ; 0.0208956247368
1535463745.42 ; 0.201899315434 ; 0.0312712074815 ; 0.0236610767333
1535463745.98 ; -0.134132506748 ; 0.0167766587166 ; 0.0309784007345
1535463746.54 ; -0.00434374223882 ; -0.00738967565289 ; 0.0280153652054
1535463747.12 ; -0.0801249797724 ; -0.0106017726795 ; 0.0190124549578
1535463747.68 ; 0.174451207633 ; 0.0053090172043 ; 0.0146032428802
1535463748.25 ; 0.0845126407134 ; 0.0260464527025 ; 0.0195179802632
1535463748.81 ; -0.186899181162 ; -0.000916314678375 ; 0.0221546923896
1535463749.37 ; -0.108467119709 ; -0.0279951486727 ; 0.0116863348423
1535463749.93 ; 0.231035776645 ; 0.00215872520999 ; 0.0036833956825
1535463750.5 ; 0.488871187198 ; 0.0682083355554 ; 0.0195611611191
1535463751.06 ; -0.0520359858727 ; 0.0636881101057 ; 0.047213214346
1535463751.62 ; -0.304705466495 ; -0.0122140070737 ; 0.051408179107
1535463752.18 ; 0.139645994388 ; -0.0195451955212 ; 0.0353968101522
1535463752.75 ; -0.285027944838 ; -0.0201441839795 ; 0.0201954431247
1535463753.31 ; 0.554209975772 ; 0.0185203279672 ; 0.0164489561378
1535463753.87 ; -0.0626002018229 ; 0.0522606282699 ; 0.0302963070845
1535463754.43 ; -0.434951365026 ; -0.0292234310439 ; 0.0306460551246
1535463755.0 ; 0.552598606077 ; 0.00128799064966 ; 0.0189911852617
1535463755.56 ; -0.730671160525 ; -0.0162643773817 ; 0.0123160220505
1535463756.12 ; 0.00207561824939 ; -0.0737252356388 ; -0.0108273291268
1535463756.68 ; -0.0412564571339 ; -0.0282481638668 ; -0.0329220198902
1535463757.25 ; 0.162164090744 ; 0.00191861323813 ; -0.0336057748305
1535463757.81 ; -0.321670268445 ; -0.0143137417537 ; -0.0309098381044
1535463758.37 ; -0.961468829333 ; -0.125061917565 ; -0.0584233855265
1535463758.93 ; 1.04134625669 ; -0.0341989303498 ; -0.0860122513473
1535463759.5 ; -1.23611916856 ; -0.0296586906672 ; -0.0866427574939
1535463760.06 ; 0.18791915053 ; -0.108152191247 ; -0.104500806111
1535463760.62 ; -0.101981627474 ; -0.0279943744767 ; -0.118992220339
1535463761.18 ; -0.178851775806 ; -0.0356589424761 ; -0.11407856302
1535463761.75 ; -0.567669814083 ; -0.0818699544493 ; -0.122610218584
1535463762.31 ; 0.307365220323 ; -0.051692847462 ; -0.133478074877
1535463762.87 ; 0.412065283334 ; 0.0502141168334 ; -0.111578298622
1535463763.43 ; -0.11125029055 ; 0.0449387870857 ; -0.0706809735552
1535463764.0 ; -0.281653714098 ; -0.0218533905165 ; -0.0534904306212
1535463764.56 ; -0.0457022289656 ; -0.0379730425312 ; -0.0585967036388
1535463765.14 ; -0.0105715659773 ; -0.0180797277516 ; -0.0623324636649
1535463765.7 ; 0.00926590849184 ; -0.0061489771559 ; -0.057622129881
1535463766.26 ; -0.0592956419191 ; -0.0067398292686 ; -0.0510391800303
1535463766.82 ; 0.232804735027 ; 0.0140191437863 ; -0.0408266366144
1535463767.39 ; 0.385313156113 ; 0.0626204703804 ; -0.0160601378276
1535463767.95 ; 0.0120227963786 ; 0.0581222199565 ; 0.0149144683661
1535463768.51 ; -0.266271482741 ; -0.00446110454272 ; 0.0250052117261
1535463769.07 ; -0.10929634767 ; -0.0366952056608 ; 0.0111920260235
1535463769.64 ; 0.0738588952559 ; -0.0155539076701 ; -0.00291887058359
1535463770.2 ; 0.271749147889 ; 0.0272149096306 ; 0.00030055324083
1535463770.76 ; 0.509267660822 ; 0.0822898830272 ; 0.0259149179655
1535463771.32 ; -0.338217475084 ; 0.0434653449804 ; 0.0510685971521
1535463771.89 ; -0.112046927233 ; -0.027722479606 ; 0.0462467795082
1535463772.45 ; -0.385007592533 ; -0.0558384434395 ; 0.0189549145497
1535463773.01 ; 0.128454722228 ; -0.0426638407058 ; -0.00728993768132
1535463773.57 ; 0.0652725651899 ; 0.00394013719206 ; -0.0151505583396
1535463774.14 ; -0.173840839896 ; -0.00886464215689 ; -0.013779617271
1535463774.7 ; -0.4077244975 ; -0.0574741121829 ; -0.0270304416131
1535463775.26 ; 0.569680111013 ; -0.00397512980857 ; -0.0369271251056
1535463775.82 ; -0.153556837882 ; 0.0376851246252 ; -0.0228721055176
1535463776.39 ; -0.221048352257 ; -0.0225566501243 ; -0.0155144403901
1535463776.95 ; 0.106952255667 ; -0.018214957188 ; -0.0224841569605
1535463777.51 ; -0.344419411315 ; -0.0283335660195 ; -0.0296462977738
1535463778.07 ; 0.64987378231 ; 0.0191910606013 ; -0.026847965634
1535463778.64 ; -0.497930345187 ; 0.0206411559256 ; -0.0130379969452
1535463779.2 ; 0.273411731954 ; -0.0141675655645 ; -0.00934779794544
1535463779.76 ; 0.20881082909 ; 0.0404845594022 ; -0.00162196135251
1535463780.32 ; -0.754489866963 ; -0.0376607352663 ; -0.000689824242387
1535463780.89 ; 1.1043177789 ; 0.0202419125642 ; -0.00465728109064
1535463781.45 ; -1.1660696601 ; 0.000958281259362 ; 0.00108754251946
1535463782.01 ; -0.108912499073 ; -0.119207161205 ; -0.0268076027331
1535463782.57 ; 0.811659431381 ; 0.0261451569476 ; -0.0441505307442
1535463783.14 ; -0.00145579833239 ; 0.0846681337028 ; -0.0108214438633
1535463783.7 ; -0.491116213218 ; -0.017954603454 ; 0.00661766973058
1535463784.26 ; 0.351420841768 ; -0.0190845728767 ; -0.00316849572984
1535463784.82 ; -0.240000852314 ; 0.00408082784644 ; -0.00615581437891
1535463785.39 ; 0.0486273237293 ; -0.0165805512949 ; -0.00805939597831
1535463785.95 ; -0.320610959543 ; -0.0310244084459 ; -0.0178731785078
1535463786.51 ; -0.0213797753381 ; -0.0424019593598 ; -0.0321030076602
1535463787.07 ; 0.908427011691 ; 0.0690240130999 ; -0.0205131635326
1535463787.63 ; -0.900432658859 ; 0.0237574482606 ; 0.00465057783367
1535463788.2 ; -0.0155969789813 ; -0.0779560447453 ; -0.00882693224862
1535463788.76 ; 0.413563163278 ; 0.0113229220078 ; -0.0229724715152
1535463789.32 ; 0.486322797917 ; 0.0881354694715 ; 0.00416596477355
1535463789.88 ; -0.639332389993 ; 0.0150343026509 ; 0.0276512737288
1535463790.45 ; -0.0658689590297 ; -0.0610988664127 ; 0.0122467257922
1535463791.01 ; 0.402583658983 ; 0.0111998044873 ; -0.00148915073413
1535463791.57 ; -0.961053420099 ; -0.0486220735962 ; -0.0100116025188
1535463792.13 ; -0.340381475446 ; -0.13821294903 ; -0.0521310499373
1535463792.7 ; 0.337829563202 ; -0.0463102146425 ; -0.0866883250272
1535463793.26 ; 0.445754330403 ; 0.0580220099598 ; -0.0694954025978
1535463793.82 ; -0.0155242611022 ; 0.0596735251813 ; -0.0303287745815
1535463794.38 ; -0.0875197216964 ; 0.0102310923897 ; -0.00889057712713
1535463794.95 ; 0.225355392303 ; 0.0163320200815 ; -0.00118329589184
1535463795.51 ; -0.238324927026 ; 0.00422814940431 ; 0.00383256479804
