datetime,latitude,longitude,speed,course
2018-08-30 13:37:00,50.820704066667005,-1.31346275,0.0,0.0
2018-08-30 13:37:01,50.8207065,-1.3134651000000002,0.0,0.0
2018-08-30 13:37:02,50.8207065,-1.3134651000000002,0.0,0.0
2018-08-30 13:37:03,50.820704033332994,-1.3134656833333,0.0,0.0
2018-08-30 13:37:04,50.820700166667,-1.31346275,0.0,0.0
2018-08-30 13:37:05,50.820698333333,-1.3134605666666999,0.0,0.0
2018-08-30 13:37:06,50.820697483333,-1.3134572166667,0.0,0.0
2018-08-30 13:37:07,50.820697533332996,-1.3134517666667,0.0,0.0
2018-08-30 13:37:08,50.82069695,-1.3134476666666999,0.0,0.0
2018-08-30 13:37:09,50.82069695,-1.3134476666666999,0.0,0.0
2018-08-30 13:37:10,50.820693333333,-1.3134434666666999,0.0,0.0
2018-08-30 13:37:12,50.820693333333,-1.3134454833333,0.0,0.0
2018-08-30 13:37:13,50.820691499999995,-1.3134439833333,0.0,0.0
2018-08-30 13:37:14,50.820691499999995,-1.3134439833333,0.0,0.0
2018-08-30 13:37:15,50.820687816667004,-1.3134417999999999,0.0,0.0
2018-08-30 13:37:16,50.82068505,-1.3134412166667,0.0,0.0
2018-08-30 13:37:17,50.820681183332994,-1.3134377666666999,0.0,0.0
2018-08-30 13:37:18,50.820677916667,-1.3134356833333,0.0,0.0
2018-08-30 13:37:19,50.820677,-1.3134350000000001,0.0,0.0
2018-08-30 13:37:20,50.820676783333,-1.3134313166667,0.0,0.0
2018-08-30 13:37:21,50.820674866667005,-1.3134274666666998,0.0,0.0
2018-08-30 13:37:22,50.8206718,-1.3134262833333001,0.0,0.0
2018-08-30 13:37:23,50.8206718,-1.3134258666667,0.0,0.0
2018-08-30 13:37:24,50.8206718,-1.3134258666667,0.0,0.0
2018-08-30 13:37:25,50.820671716667,-1.3134304833333001,0.0,0.0
2018-08-30 13:37:26,50.820671466667,-1.3134339166667,2.0372,356.9
2018-08-30 13:37:27,50.820675483333,-1.3134364333333,2.2224,357.3
2018-08-30 13:37:28,50.82067725,-1.3134439833333,0.0,0.0
2018-08-30 13:37:29,50.82067905,-1.3134463166666999,0.0,0.0
2018-08-30 13:37:30,50.820678716667004,-1.31345085,0.0,0.0
2018-08-30 13:37:31,50.82067955,-1.3134571333333,0.0,0.0
2018-08-30 13:37:32,50.82068143333299,-1.31346175,0.0,0.0
2018-08-30 13:37:33,50.82068215,-1.3134645166667,0.0,0.0
2018-08-30 13:37:34,50.820683616667004,-1.31346845,0.0,0.0
2018-08-30 13:37:36,50.820687683333,-1.3134682833333,0.0,0.0
2018-08-30 13:37:37,50.820688183333,-1.3134672833333,0.0,0.0
2018-08-30 13:37:38,50.820688316667,-1.3134647666666999,0.0,0.0
2018-08-30 13:37:39,50.820688183333,-1.3134573833333,0.0,0.0
2018-08-30 13:37:40,50.82068915,-1.3134532833333001,0.0,0.0
2018-08-30 13:37:41,50.82069075,-1.3134489166667,0.0,0.0
2018-08-30 13:37:42,50.820690783333,-1.3134438999999998,0.0,0.0
2018-08-30 13:37:43,50.82069095,-1.3134391166666999,0.0,0.0
2018-08-30 13:37:44,50.82069095,-1.3134391166666999,0.0,0.0
2018-08-30 13:37:45,50.82068915,-1.31343375,0.0,0.0
2018-08-30 13:37:46,50.82068835,-1.3134277166666999,0.0,0.0
2018-08-30 13:37:47,50.82068865,-1.3134230166667,0.0,0.0
2018-08-30 13:37:48,50.820688233332994,-1.3134191666666999,0.0,0.0
2018-08-30 13:37:49,50.820687733332996,-1.3134138833333,0.0,0.0
2018-08-30 13:37:50,50.820687266667,-1.31340945,0.0,0.0
2018-08-30 13:37:51,50.820687299999996,-1.3134059166667,0.0,0.0
2018-08-30 13:37:52,50.8206886,-1.3134010666667,0.0,0.0
2018-08-30 13:37:53,50.820687933333,-1.3133957833333,0.0,0.0
2018-08-30 13:37:54,50.820687633332994,-1.3133919166666999,0.0,0.0
2018-08-30 13:37:55,50.820686266667,-1.31338925,0.0,0.0
2018-08-30 13:37:56,50.82068635,-1.3133853000000002,0.0,0.0
2018-08-30 13:37:57,50.82068538333299,-1.3133827833333,0.0,0.0
2018-08-30 13:37:58,50.820685883333,-1.3133812,0.0,0.0
2018-08-30 13:37:59,50.82068685,-1.31337675,0.0,0.0
2018-08-30 13:38:00,50.820686166667,-1.3133729833333,0.0,0.0
2018-08-30 13:38:01,50.820686,-1.3133693833333,0.0,0.0
2018-08-30 13:38:02,50.820685299999994,-1.3133644333333,0.0,0.0
2018-08-30 13:38:03,50.820683916667,-1.3133613333333,0.0,0.0
2018-08-30 13:38:04,50.82068085,-1.3133611666667,0.0,0.0
2018-08-30 13:38:05,50.820679716667,-1.3133598166667,0.0,0.0
2018-08-30 13:38:07,50.820680133333,-1.3133605,0.0,0.0
2018-08-30 13:38:08,50.820677200000006,-1.3133572166667,0.0,0.0
2018-08-30 13:38:09,50.820676583333,-1.3133536166667,0.0,0.0
2018-08-30 13:38:10,50.82067495,-1.31335135,0.0,0.0
2018-08-30 13:38:11,50.820674100000005,-1.3133485,0.0,0.0
2018-08-30 13:38:12,50.820672266667,-1.31334625,0.0,0.0
2018-08-30 13:38:13,50.82067235,-1.3133427166667,0.0,0.0
2018-08-30 13:38:14,50.820671933332996,-1.31333735,0.0,0.0
2018-08-30 13:38:15,50.820671933332996,-1.31333735,0.0,0.0
2018-08-30 13:38:16,50.820672183332995,-1.3133341666667,0.0,0.0
2018-08-30 13:38:17,50.820672433332994,-1.3133299833333,0.0,0.0
2018-08-30 13:38:18,50.820670466667,-1.3133271333333,0.0,0.0
2018-08-30 13:38:19,50.820669033333,-1.3133242,0.0,0.0
2018-08-30 13:38:20,50.820667266667,-1.3133236166667,0.0,0.0
2018-08-30 13:38:21,50.820664716667004,-1.3133204333333,0.0,0.0
2018-08-30 13:38:22,50.820662416667005,-1.3133199166667,0.0,0.0
2018-08-30 13:38:23,50.82065951666701,-1.3133185833333,0.0,0.0
2018-08-30 13:38:24,50.820655166667,-1.3133149833333,0.0,0.0
2018-08-30 13:38:25,50.8206547,-1.31331095,0.0,0.0
2018-08-30 13:38:26,50.82065215,-1.31331145,0.0,0.0
2018-08-30 13:38:27,50.820650166667,-1.3133085166667,0.0,0.0
2018-08-30 13:38:28,50.82064875,-1.3133035,0.0,0.0
2018-08-30 13:38:30,50.82064515,-1.31330115,0.0,0.0
2018-08-30 13:38:31,50.82064515,-1.31330115,0.0,0.0
2018-08-30 13:38:32,50.82064515,-1.3133017333333001,0.0,0.0
2018-08-30 13:38:33,50.82064515,-1.31329905,0.0,0.0
2018-08-30 13:38:34,50.820644766667,-1.3132952,0.0,0.0
2018-08-30 13:38:35,50.820642133332996,-1.3132921833333,0.0,0.0
2018-08-30 13:38:36,50.820640833332995,-1.3132877333333,0.0,0.0
2018-08-30 13:38:37,50.820640283333,-1.3132864833333,0.0,0.0
2018-08-30 13:38:38,50.820640283333,-1.3132864833333,0.0,0.0
2018-08-30 13:38:39,50.820638733333,-1.3132854666667,0.0,0.0
2018-08-30 13:38:40,50.820637299999994,-1.31328355,0.0,0.0
2018-08-30 13:38:41,50.8206355,-1.31328305,0.0,0.0
2018-08-30 13:38:42,50.820635166667,-1.3132818666666999,0.0,0.0
2018-08-30 13:38:43,50.82063403333299,-1.3132787666666998,0.0,0.0
2018-08-30 13:38:44,50.82063395,-1.3132734,0.0,0.0
2018-08-30 13:38:45,50.820631783333,-1.3132709666667,0.0,0.0
2018-08-30 13:38:46,50.820629766667004,-1.3132678666667,0.0,0.0
2018-08-30 13:38:47,50.820629600000004,-1.31326645,0.0,0.0
2018-08-30 13:38:48,50.820630233333,-1.3132623333333,0.0,0.0
2018-08-30 13:38:49,50.8206265,-1.3132599166667,0.0,0.0
2018-08-30 13:38:50,50.82062515,-1.3132563,0.0,0.0
2018-08-30 13:38:51,50.82062456666701,-1.31325295,0.0,0.0
2018-08-30 13:38:52,50.820623566667,-1.3132499333333,0.0,0.0
2018-08-30 13:38:53,50.820622883332994,-1.3132449,0.0,0.0
2018-08-30 13:38:54,50.82062003333299,-1.3132435666667,0.0,0.0
2018-08-30 13:38:55,50.820618866667004,-1.31323945,0.0,0.0
2018-08-30 13:38:56,50.820615766667004,-1.3132360166666999,0.0,0.0
2018-08-30 13:38:58,50.820610016667004,-1.3132320833333,0.0,0.0
2018-08-30 13:38:59,50.820607633333,-1.3132277166667,0.0,0.0
2018-08-30 13:39:00,50.820606583332996,-1.3132237833333,0.0,0.0
2018-08-30 13:39:01,50.820605366667,-1.31321875,0.0,0.0
2018-08-30 13:39:02,50.820601566667,-1.3132154833333,0.0,0.0
2018-08-30 13:39:03,50.82059795,-1.3132131333333001,0.0,0.0
2018-08-30 13:39:04,50.820596616667004,-1.3132087833333002,0.0,0.0
2018-08-30 13:39:05,50.82059573333299,-1.3132045833333001,0.0,0.0
2018-08-30 13:39:06,50.820594733332996,-1.3132022333333,0.0,0.0
2018-08-30 13:39:07,50.820593133333,-1.3131969666667,0.0,0.0
2018-08-30 13:39:08,50.820592666667004,-1.3131936000000002,0.0,0.0
2018-08-30 13:39:09,50.820591583333,-1.3131883333333,0.0,0.0
2018-08-30 13:39:10,50.820590666667,-1.3131828833333001,0.0,0.0
2018-08-30 13:39:11,50.82058965,-1.3131782666667,0.0,0.0
2018-08-30 13:39:12,50.820589616667,-1.3131764333333,0.0,0.0
2018-08-30 13:39:13,50.820589066667004,-1.3131740833333,0.0,0.0
2018-08-30 13:39:14,50.820589566667,-1.31317315,0.0,0.0
2018-08-30 13:39:15,50.82058903333299,-1.31316905,0.0,0.0
2018-08-30 13:39:16,50.820587933332995,-1.3131641833333,0.0,0.0
2018-08-30 13:39:17,50.82058789999999,-1.31316075,0.0,0.0
2018-08-30 13:39:18,50.82058651666701,-1.3131561333333,0.0,0.0
2018-08-30 13:39:19,50.820585133333,-1.3131505333333,0.0,0.0
2018-08-30 13:39:20,50.820587516667004,-1.3131468333333,0.0,0.0
2018-08-30 13:39:22,50.820583783333,-1.3131315833333002,1.8519999999999999,356.6
2018-08-30 13:39:23,50.820580983332995,-1.3131279833333,1.8519999999999999,356.5
2018-08-30 13:39:24,50.82057921666701,-1.31312915,0.0,0.0
2018-08-30 13:39:25,50.82057645,-1.3131283166667,0.0,0.0
2018-08-30 13:39:26,50.820573316667,-1.3131235333333,2.2224,357.1
2018-08-30 13:39:27,50.820569083333,-1.3131197666667,0.0,0.0
2018-08-30 13:39:28,50.820564716667,-1.31311675,1.8519999999999999,356.5
2018-08-30 13:39:29,50.8205594,-1.3131153999999998,0.0,0.0
2018-08-30 13:39:30,50.82055555,-1.3131109666667,1.8519999999999999,356.5
2018-08-30 13:39:31,50.8205514,-1.3131092,0.0,0.0
2018-08-30 13:39:32,50.820549383332995,-1.3131051,0.0,0.0
2018-08-30 13:39:33,50.8205472,-1.31310115,0.0,0.0
2018-08-30 13:39:34,50.820543683333,-1.31309855,0.0,0.0
2018-08-30 13:39:35,50.820539583332994,-1.3130963,0.0,0.0
2018-08-30 13:39:36,50.820535,-1.3130952,1.8519999999999999,356.6
2018-08-30 13:39:37,50.820529566667005,-1.3130926,1.8519999999999999,356.7
2018-08-30 13:39:38,50.82052365,-1.3130891666667,2.0372,356.9
2018-08-30 13:39:39,50.820520383333,-1.3130891666667,0.0,0.0
2018-08-30 13:39:41,50.820513500000004,-1.313089,0.0,0.0
2018-08-30 13:39:42,50.82051175,-1.3130878333333,0.0,0.0
2018-08-30 13:39:43,50.820508600000004,-1.31308775,0.0,0.0
2018-08-30 13:39:44,50.8205066,-1.3130889166667,0.0,0.0
2018-08-30 13:39:45,50.820503233333,-1.3130912666666998,0.0,0.0
2018-08-30 13:39:46,50.820501933333,-1.3130914333333001,0.0,0.0
2018-08-30 13:39:47,50.82049825,-1.3130910166667,0.0,0.0
2018-08-30 13:39:48,50.820494733333,-1.3130905166667,0.0,0.0
2018-08-30 13:39:49,50.82049155,-1.3130926833333,0.0,0.0
2018-08-30 13:39:50,50.8204869,-1.3130952,0.0,0.0
2018-08-30 13:39:51,50.8204817,-1.3130987166666999,0.0,0.0
2018-08-30 13:39:52,50.820477933332995,-1.3130989,0.0,0.0
2018-08-30 13:39:53,50.82047495,-1.3131013166667,0.0,0.0
2018-08-30 13:39:54,50.820470466667004,-1.3131034166667,0.0,0.0
2018-08-30 13:39:55,50.820467316667006,-1.3131044166666999,0.0,0.0
2018-08-30 13:39:56,50.82046468333299,-1.3131043333333001,0.0,0.0
2018-08-30 13:39:57,50.820460700000005,-1.31310485,0.0,0.0
2018-08-30 13:39:58,50.8204571,-1.3131056,0.0,0.0
2018-08-30 13:39:59,50.820452316667,-1.3131034166667,0.0,0.0
2018-08-30 13:40:00,50.820449933332995,-1.3131024166667,0.0,0.0
2018-08-30 13:40:01,50.820446533333,-1.3131035833333,0.0,0.0
2018-08-30 13:40:02,50.820444066667,-1.3131046,0.0,0.0
2018-08-30 13:40:03,50.820440716667,-1.3131050166667,0.0,0.0
2018-08-30 13:40:04,50.82043881666701,-1.3131059333333,0.0,0.0
2018-08-30 13:40:05,50.820436766667,-1.3131066833333,0.0,0.0
2018-08-30 13:40:06,50.820434683333,-1.3131081166667,0.0,0.0
2018-08-30 13:40:07,50.820432416667,-1.3131097833333,0.0,0.0
2018-08-30 13:40:08,50.820430866667,-1.3131101166666999,0.0,0.0
2018-08-30 13:40:09,50.8204273,-1.3131112166667,1.8519999999999999,356.6
2018-08-30 13:40:11,50.820423233332995,-1.3131150666667,0.0,0.0
2018-08-30 13:40:12,50.820423983332994,-1.3131173333333002,0.0,0.0
2018-08-30 13:40:13,50.820423983332994,-1.3131173333333002,0.0,0.0
2018-08-30 13:40:14,50.82042088333299,-1.3131191833333,0.0,0.0
2018-08-30 13:40:15,50.8204185,-1.3131194333333,0.0,0.0
2018-08-30 13:40:16,50.82041645,-1.3131211833333,0.0,0.0
2018-08-30 13:40:17,50.820414983332995,-1.31312195,0.0,0.0
2018-08-30 13:40:18,50.82041238333299,-1.3131248,0.0,0.0
2018-08-30 13:40:19,50.8204084,-1.3131256333333001,0.0,0.0
2018-08-30 13:40:20,50.820406933333,-1.3131256333333001,0.0,0.0
2018-08-30 13:40:21,50.820404916667,-1.3131253833333,0.0,0.0
2018-08-30 13:40:22,50.820402566667006,-1.3131269666667,0.0,0.0
2018-08-30 13:40:23,50.820398083333,-1.3131283166667,0.0,0.0
2018-08-30 13:40:24,50.820396116667006,-1.3131289833333,0.0,0.0
2018-08-30 13:40:25,50.82039418333299,-1.3131304166667,0.0,0.0
2018-08-30 13:40:26,50.820390916667,-1.31313015,0.0,0.0
2018-08-30 13:40:27,50.8203884,-1.3131314166666999,0.0,0.0
2018-08-30 13:40:28,50.82038555,-1.31313385,0.0,0.0
2018-08-30 13:40:29,50.820382200000005,-1.3131349333333,0.0,0.0
2018-08-30 13:40:30,50.8203807,-1.3131346833333,0.0,0.0
2018-08-30 13:40:31,50.820379766667,-1.3131362,0.0,0.0
2018-08-30 13:40:32,50.820378383332994,-1.3131380333333,0.0,0.0
2018-08-30 13:40:34,50.82037311666701,-1.31314155,0.0,0.0
2018-08-30 13:40:35,50.82037135,-1.31314265,0.0,0.0
2018-08-30 13:40:36,50.820367700000006,-1.31314625,0.0,0.0
2018-08-30 13:40:37,50.82036385,-1.3131470833333,0.0,0.0
2018-08-30 13:40:38,50.820363266667,-1.3131411333333,0.0,0.0
2018-08-30 13:40:39,50.820359616667005,-1.3131424833333,0.0,0.0
2018-08-30 13:40:40,50.8203576,-1.31314315,0.0,0.0
2018-08-30 13:40:41,50.820355083333,-1.3131435666667,0.0,0.0
2018-08-30 13:40:42,50.820353166667005,-1.3131440666667,0.0,0.0
2018-08-30 13:40:43,50.8203519,-1.3131451666667,0.0,0.0
2018-08-30 13:40:44,50.82034855,-1.3131473333333001,0.0,0.0
2018-08-30 13:40:45,50.820346366667,-1.31314725,0.0,0.0
2018-08-30 13:40:46,50.820343900000005,-1.31314885,0.0,0.0
2018-08-30 13:40:47,50.820341716667,-1.31314935,0.0,0.0
2018-08-30 13:40:48,50.820338833333,-1.3131518666667,0.0,0.0
2018-08-30 13:40:49,50.820336316667,-1.3131522833333,0.0,0.0
2018-08-30 13:40:50,50.820333083333,-1.3131530333333001,0.0,0.0
2018-08-30 13:40:51,50.82032965,-1.31315455,0.0,0.0
2018-08-30 13:40:52,50.820326883332996,-1.3131541333333,0.0,0.0
2018-08-30 13:40:53,50.820325083332996,-1.3131538,0.0,0.0
2018-08-30 13:40:54,50.820322016667006,-1.3131568999999998,0.0,0.0
2018-08-30 13:40:55,50.820318633332995,-1.3131603333333,0.0,0.0
2018-08-30 13:40:56,50.820314683332995,-1.3131631000000001,0.0,0.0
2018-08-30 13:40:57,50.820312133333,-1.3131653666667,0.0,0.0
2018-08-30 13:40:58,50.8203089,-1.3131694666667,0.0,0.0
2018-08-30 13:41:00,50.820303616667005,-1.3131755833333,0.0,0.0
2018-08-30 13:41:01,50.820300866667004,-1.3131779333333,0.0,0.0
2018-08-30 13:41:02,50.82029835,-1.3131808666667,0.0,0.0
2018-08-30 13:41:03,50.82029628333299,-1.3131858166666999,0.0,0.0
2018-08-30 13:41:04,50.820292683332994,-1.3131914333333001,2.2224,357.3
2018-08-30 13:41:05,50.820288866667006,-1.3131931000000001,0.0,0.0
2018-08-30 13:41:06,50.82028535,-1.3131952,0.0,0.0
2018-08-30 13:41:07,50.820283166667004,-1.3131988833333001,0.0,0.0
2018-08-30 13:41:08,50.820282466667,-1.3132020666667,0.0,0.0
2018-08-30 13:41:09,50.820279066667005,-1.3132060166667,0.0,0.0
2018-08-30 13:41:10,50.82027461666701,-1.3132086166666999,0.0,0.0
2018-08-30 13:41:11,50.820273233333,-1.3132118833333,0.0,0.0
2018-08-30 13:41:12,50.82027281666701,-1.3132092,0.0,0.0
2018-08-30 13:41:13,50.820271766667005,-1.3132114666666999,0.0,0.0
2018-08-30 13:41:14,50.82026888333299,-1.3132126333333,0.0,0.0
2018-08-30 13:41:15,50.820265483332996,-1.3132150666667,0.0,0.0
2018-08-30 13:41:16,50.820263383333,-1.3132170833333001,0.0,0.0
2018-08-30 13:41:17,50.820261716667005,-1.3132190000000001,0.0,0.0
2018-08-30 13:41:18,50.820259583333,-1.3132217666666999,0.0,0.0
2018-08-30 13:41:19,50.8202571,-1.3132242,0.0,0.0
2018-08-30 13:41:20,50.820255183332996,-1.3132268,0.0,0.0
2018-08-30 13:41:21,50.820253283332995,-1.31323065,0.0,0.0
2018-08-30 13:41:22,50.82025211666701,-1.3132335833333,0.0,0.0
2018-08-30 13:41:23,50.820250566667006,-1.3132349333333,0.0,0.0
2018-08-30 13:41:24,50.820250099999996,-1.31323895,0.0,0.0
2018-08-30 13:41:25,50.820249183333,-1.31324105,0.0,0.0
2018-08-30 13:41:27,50.820242766667,-1.3132447333333002,0.0,0.0
2018-08-30 13:41:28,50.820240683333,-1.3132479166667,0.0,0.0
2018-08-30 13:41:29,50.82024105,-1.3132490166667,0.0,0.0
2018-08-30 13:41:30,50.8202406,-1.3132521166667,0.0,0.0
2018-08-30 13:41:31,50.820239466667005,-1.3132533666667,0.0,0.0
2018-08-30 13:41:32,50.820237583333,-1.3132563833333,0.0,0.0
2018-08-30 13:41:33,50.82023585,-1.3132618333333002,0.0,0.0
2018-08-30 13:41:34,50.820234983332995,-1.3132677833333,0.0,0.0
2018-08-30 13:41:35,50.820233466667005,-1.3132714833333001,0.0,0.0
2018-08-30 13:41:36,50.820233383333,-1.3132745833333002,0.0,0.0
2018-08-30 13:41:37,50.820233466667005,-1.3132777666667,0.0,0.0
2018-08-30 13:41:38,50.820235600000004,-1.3132816999999999,0.0,0.0
2018-08-30 13:41:39,50.820234933333,-1.3132859,0.0,0.0
2018-08-30 13:41:40,50.82023645,-1.3132911666667,0.0,0.0
2018-08-30 13:41:41,50.82023535,-1.3132971166667,0.0,0.0
2018-08-30 13:41:42,50.820234133332995,-1.31330375,0.0,0.0
2018-08-30 13:41:43,50.820234016667,-1.3133066833333,0.0,0.0
2018-08-30 13:41:44,50.8202336,-1.3133110333333,0.0,0.0
2018-08-30 13:41:45,50.820233683332994,-1.3133162333333002,0.0,0.0
2018-08-30 13:41:46,50.820233433332994,-1.3133220166667,0.0,0.0
2018-08-30 13:41:47,50.820232833332994,-1.3133281333333,0.0,0.0
2018-08-30 13:41:48,50.820233133333,-1.3133334166667,0.0,0.0
2018-08-30 13:41:49,50.820233683332994,-1.3133402833333,0.0,0.0
2018-08-30 13:41:50,50.82023405,-1.3133471666667,0.0,0.0
2018-08-30 13:41:52,50.8202328,-1.3133579833333,0.0,0.0
2018-08-30 13:41:53,50.820233166667,-1.3133634333333,0.0,0.0
2018-08-30 13:41:54,50.820234933333,-1.3133687833333,0.0,0.0
2018-08-30 13:41:55,50.82023573333299,-1.3133750833333,0.0,0.0
2018-08-30 13:41:56,50.82023573333299,-1.3133800166667,0.0,0.0
2018-08-30 13:41:57,50.820236866667,-1.3133864833333,0.0,0.0
2018-08-30 13:41:58,50.8202367,-1.31339285,0.0,0.0
2018-08-30 13:41:59,50.82023695,-1.3133977,0.0,0.0
2018-08-30 13:42:00,50.8202385,-1.3134034833333001,0.0,0.0
2018-08-30 13:42:01,50.820239216667005,-1.3134095333333,0.0,0.0
2018-08-30 13:42:02,50.820239166667,-1.3134153166667,0.0,0.0
2018-08-30 13:42:03,50.820238916667,-1.3134221833333,0.0,0.0
2018-08-30 13:42:04,50.82023845,-1.3134292166666999,0.0,0.0
2018-08-30 13:42:05,50.820238616667005,-1.3134360166666998,0.0,0.0
2018-08-30 13:42:06,50.820238333332995,-1.3134416333333,0.0,0.0
2018-08-30 13:42:07,50.820237916667004,-1.3134485833333,2.0372,356.8
2018-08-30 13:42:08,50.82023811666701,-1.31345495,0.0,0.0
2018-08-30 13:42:09,50.820237366667,-1.3134594833333,0.0,0.0
2018-08-30 13:42:10,50.820240766667006,-1.3134681166667,2.778,307.8
2018-08-30 13:42:11,50.82024439999999,-1.3134748166666999,2.4076,307.4
2018-08-30 13:42:12,50.82024055,-1.3134816166667,2.0372,307.5
2018-08-30 13:42:13,50.820239383332996,-1.3134880666667,0.0,0.0
2018-08-30 13:42:14,50.820239416667,-1.3134932666666999,0.0,0.0
2018-08-30 13:42:15,50.82024025,-1.3135001333333,2.0372,308.4
2018-08-30 13:42:16,50.8202408,-1.3135055,0.0,0.0
2018-08-30 13:42:17,50.820240516667006,-1.3135121166666999,0.0,0.0
2018-08-30 13:42:19,50.820240000000005,-1.3135220166666999,0.0,0.0
2018-08-30 13:42:20,50.8202395,-1.3135289666667,0.0,0.0
2018-08-30 13:42:21,50.82023895,-1.3135366833333,2.2224,307.7
2018-08-30 13:42:22,50.8202395,-1.3135438,0.0,0.0
2018-08-30 13:42:23,50.82023925,-1.3135505166666999,1.8519999999999999,307.6
2018-08-30 13:42:24,50.820238333332995,-1.3135588833333,2.2224,307.7
2018-08-30 13:42:25,50.8202372,-1.3135656833333,0.0,0.0
2018-08-30 13:42:26,50.820238033333,-1.3135724666667,2.0372,307.5
2018-08-30 13:42:27,50.82023895,-1.3135792666666999,0.0,0.0
2018-08-30 13:42:28,50.820240516667006,-1.3135853000000002,0.0,0.0
2018-08-30 13:42:29,50.8202408,-1.313593,2.0372,308.2
2018-08-30 13:42:30,50.820242233333,-1.3135999666667,0.0,0.0
2018-08-30 13:42:31,50.820241766667,-1.31360525,0.0,0.0
2018-08-30 13:42:32,50.82024235,-1.31361195,1.8519999999999999,307.6
2018-08-30 13:42:33,50.820242816667005,-1.3136184,1.8519999999999999,306.9
2018-08-30 13:42:34,50.820243233332995,-1.3136250166666998,0.0,0.0
2018-08-30 13:42:35,50.820243233332995,-1.3136310666667,0.0,0.0
2018-08-30 13:42:36,50.82024439999999,-1.3136361666667,0.0,0.0
2018-08-30 13:42:37,50.8202452,-1.31364195,0.0,0.0
2018-08-30 13:42:38,50.82024365,-1.3136496666667,2.0372,307.5
2018-08-30 13:42:39,50.82024301666701,-1.3136584666667,0.0,0.0
2018-08-30 13:42:41,50.8202452,-1.3136706166667,0.0,0.0
2018-08-30 13:42:42,50.820244733333,-1.3136775833333,0.0,0.0
2018-08-30 13:42:43,50.820244566667,-1.3136832,0.0,0.0
2018-08-30 13:42:44,50.820245116667,-1.3136874666667,0.0,0.0
2018-08-30 13:42:45,50.820245116667,-1.31369225,0.0,0.0
2018-08-30 13:42:46,50.82024525,-1.3136960166667,0.0,0.0
2018-08-30 13:42:47,50.820246116667,-1.3137016333333,0.0,0.0
2018-08-30 13:42:48,50.820244916667,-1.3137096833333,0.0,0.0
2018-08-30 13:42:49,50.820244866667004,-1.3137162166667,0.0,0.0
2018-08-30 13:42:50,50.820246000000004,-1.3137224166666999,0.0,0.0
2018-08-30 13:42:51,50.820245366667,-1.31372845,1.8519999999999999,306.5
2018-08-30 13:42:52,50.82024541666701,-1.3137349166666998,0.0,0.0
2018-08-30 13:42:53,50.820246666667,-1.3137412833333,2.0372,307.2
2018-08-30 13:42:54,50.820246666667,-1.3137482333333002,0.0,0.0
2018-08-30 13:42:55,50.8202463,-1.3137551166666999,1.8519999999999999,307.6
2018-08-30 13:42:56,50.820246833332995,-1.3137610666667,0.0,0.0
2018-08-30 13:42:57,50.8202473,-1.31376735,0.0,0.0
2018-08-30 13:42:58,50.820246083333,-1.3137738,0.0,0.0
2018-08-30 13:42:59,50.820245916667005,-1.3137796666666999,0.0,0.0
2018-08-30 13:43:00,50.820246666667,-1.3137842833333,0.0,0.0
2018-08-30 13:43:01,50.820247083332994,-1.3137904833333,0.0,0.0
2018-08-30 13:43:02,50.820246583332995,-1.31379735,0.0,0.0
2018-08-30 13:43:03,50.8202463,-1.31380305,0.0,0.0
2018-08-30 13:43:04,50.820247683332994,-1.3138085833333,1.8519999999999999,307.9
2018-08-30 13:43:05,50.820246833332995,-1.3138168833333002,0.0,0.0
2018-08-30 13:43:06,50.82024755,-1.3138219166667,0.0,0.0
2018-08-30 13:43:08,50.820248633332994,-1.3138337333333001,0.0,0.0
2018-08-30 13:43:09,50.820248266667,-1.3138397666666999,1.8519999999999999,306.9
2018-08-30 13:43:10,50.820248216667004,-1.31384665,1.8519999999999999,307.6
2018-08-30 13:43:11,50.82024835,-1.31385385,1.8519999999999999,306.9
2018-08-30 13:43:12,50.82025035,-1.3138552,0.0,0.0
2018-08-30 13:43:13,50.82025170000001,-1.31385855,0.0,0.0
2018-08-30 13:43:14,50.820252833332994,-1.3138593833333,0.0,0.0
2018-08-30 13:43:15,50.820253466667005,-1.31385695,0.0,0.0
2018-08-30 13:43:16,50.82025245,-1.3138539333333001,0.0,0.0
2018-08-30 13:43:17,50.8202532,-1.3138508333333,0.0,0.0
2018-08-30 13:43:18,50.820253033332996,-1.3138473999999998,0.0,0.0
2018-08-30 13:43:19,50.820255133333,-1.3138422833333,0.0,0.0
2018-08-30 13:43:20,50.820255383333,-1.3138365,1.8519999999999999,307.9
2018-08-30 13:43:21,50.82025798333299,-1.3138304666667,0.0,0.0
2018-08-30 13:43:22,50.8202597,-1.3138230833333,2.2224,307.7
2018-08-30 13:43:23,50.820260333332996,-1.3138147,2.2224,307.1
2018-08-30 13:43:24,50.820264733333,-1.3138085,1.8519999999999999,307.9
2018-08-30 13:43:25,50.82026515,-1.3138017166667,2.4076,307.4
2018-08-30 13:43:26,50.820265366667,-1.31379375,1.8519999999999999,306.9
2018-08-30 13:43:27,50.820267,-1.3137879666666998,1.8519999999999999,306.9
2018-08-30 13:43:28,50.82026855,-1.31378,2.0372,308.4
2018-08-30 13:43:30,50.820272983333,-1.3137655833333,2.5928,307.9
2018-08-30 13:43:31,50.820274866667006,-1.3137578,2.4076,306.9
2018-08-30 13:43:32,50.820278066667,-1.3137484833333,2.5928,308.1
2018-08-30 13:43:33,50.820279783333,-1.3137382666667,3.3336,59.5
2018-08-30 13:43:34,50.820282,-1.3137272833333,2.9632,70.2
2018-08-30 13:43:35,50.820285233332996,-1.3137168833333,3.1484,63.4
2018-08-30 13:43:36,50.820287566667005,-1.3137069166667,2.5928,61.9
2018-08-30 13:43:37,50.820290216667004,-1.3136961833333,3.3336,67.3
2018-08-30 13:43:38,50.820293866667,-1.3136857166667,3.3336,64.3
2018-08-30 13:43:39,50.820297883333,-1.3136747333333,3.3336,73.9
2018-08-30 13:43:40,50.82030065,-1.3136625,3.3336,69.4
2018-08-30 13:43:41,50.820302916667,-1.3136498333333,3.3336,73.4
2018-08-30 13:43:42,50.820304799999995,-1.3136375166667,3.5188,71.6
2018-08-30 13:43:43,50.82030718333299,-1.3136252833333,3.5188,73.0
2018-08-30 13:43:44,50.820311883333,-1.3136133666667,3.1484,63.9
2018-08-30 13:43:45,50.820315316667006,-1.3136044833333,2.5928,64.5
2018-08-30 13:43:46,50.8203196,-1.3135936833333,3.1484,58.9
2018-08-30 13:43:47,50.8203242,-1.3135836166666999,2.9632,68.6
2018-08-30 13:43:48,50.82032931666701,-1.3135744833333,2.9632,54.8
2018-08-30 13:43:49,50.820333000000005,-1.3135676166666999,2.778,59.8
2018-08-30 13:43:51,50.820339666667,-1.3135504333333001,2.2224,60.3
2018-08-30 13:43:52,50.82034185,-1.3135403666667,2.5928,59.7
2018-08-30 13:43:53,50.82034428333299,-1.3135309,2.5928,59.7
2018-08-30 13:43:54,50.820344733332995,-1.3135224333333,2.4076,59.9
2018-08-30 13:43:55,50.8203465,-1.3135141333333,2.4076,59.9
2018-08-30 13:43:56,50.820347666667004,-1.3135059166667,2.2224,59.7
2018-08-30 13:43:57,50.820348933332994,-1.3134976999999999,2.2224,59.0
2018-08-30 13:43:58,50.820351483333,-1.31348915,2.0372,59.9
2018-08-30 13:43:59,50.82035433333299,-1.3134805166666998,2.0372,59.3
2018-08-30 13:44:00,50.82035576666701,-1.3134729833333,2.0372,59.3
2018-08-30 13:44:01,50.820355299999996,-1.3134646,2.0372,59.3
2018-08-30 13:44:02,50.82035613333299,-1.3134573,0.0,0.0
2018-08-30 13:44:03,50.820355933333,-1.3134501,0.0,0.0
2018-08-30 13:44:04,50.820356266667005,-1.3134428,2.0372,59.3
2018-08-30 13:44:05,50.820357433332994,-1.3134350000000001,2.0372,59.9
2018-08-30 13:44:06,50.820360033332996,-1.3134258666667,2.2224,59.7
2018-08-30 13:44:07,50.82036179999999,-1.3134186666667,1.8519999999999999,60.5
2018-08-30 13:44:08,50.820363799999996,-1.3134112,2.0372,59.9
2018-08-30 13:44:09,50.820365566667,-1.3134033999999999,2.0372,59.9
2018-08-30 13:44:10,50.820367700000006,-1.3133956166667,2.0372,60.1
2018-08-30 13:44:11,50.8203688,-1.3133877333333,2.2224,59.5
2018-08-30 13:44:12,50.820369216667004,-1.3133801833333,2.2224,59.5
2018-08-30 13:44:13,50.820369133332996,-1.3133723999999998,0.0,0.0
2018-08-30 13:44:14,50.820369966667,-1.3133676166666999,0.0,0.0
2018-08-30 13:44:15,50.820369583333,-1.31336645,0.0,0.0
2018-08-30 13:44:16,50.820371516667,-1.3133657666667,0.0,0.0
2018-08-30 13:44:17,50.820372866667,-1.3133646833333001,0.0,0.0
2018-08-30 13:44:18,50.820372233332996,-1.3133647666666999,0.0,0.0
2018-08-30 13:44:19,50.82037135,-1.3133646,0.0,0.0
2018-08-30 13:44:20,50.820370766667004,-1.3133635166667,0.0,0.0
2018-08-30 13:44:22,50.82037013333299,-1.3133620000000001,0.0,0.0
2018-08-30 13:44:23,50.820368883332996,-1.3133625,0.0,0.0
2018-08-30 13:44:24,50.820368666667,-1.313361,0.0,0.0
2018-08-30 13:44:25,50.820368666667,-1.313361,0.0,0.0
2018-08-30 13:44:26,50.820367666667,-1.3133608333333,0.0,0.0
2018-08-30 13:44:27,50.820367666667,-1.3133608333333,0.0,0.0
2018-08-30 13:44:28,50.820365483333,-1.3133635166667,0.0,0.0
2018-08-30 13:44:29,50.820363683333,-1.3133619166666999,0.0,0.0
2018-08-30 13:44:30,50.8203623,-1.3133652666667,0.0,0.0
2018-08-30 13:44:31,50.8203597,-1.3133667833333,0.0,0.0
2018-08-30 13:44:32,50.820358233332996,-1.3133709666667,0.0,0.0
2018-08-30 13:44:33,50.820356433333,-1.3133728999999998,0.0,0.0
2018-08-30 13:44:34,50.820356383333,-1.313375,0.0,0.0
2018-08-30 13:44:35,50.820357933333,-1.3133791000000001,0.0,0.0
2018-08-30 13:44:36,50.82035629999999,-1.3133842166667,0.0,0.0
2018-08-30 13:44:37,50.82035551666701,-1.3133870666667,0.0,0.0
2018-08-30 13:44:38,50.82035635,-1.3133924333333,0.0,0.0
2018-08-30 13:44:39,50.820357066667,-1.31339545,0.0,0.0
2018-08-30 13:44:40,50.8203545,-1.3133983833333,0.0,0.0
2018-08-30 13:44:41,50.820353533333,-1.3134013999999998,0.0,0.0
2018-08-30 13:44:42,50.820353916667,-1.3133998,0.0,0.0
2018-08-30 13:44:43,50.820353916667,-1.3133998,0.0,0.0
2018-08-30 13:44:44,50.82035295,-1.3134027333333,0.0,0.0
2018-08-30 13:44:45,50.820351316667,-1.3134063333333001,0.0,0.0
2018-08-30 13:44:46,50.82035035,-1.3134097833333,0.0,0.0
2018-08-30 13:44:48,50.82034905,-1.3134173999999998,0.0,0.0
2018-08-30 13:44:49,50.820347216667,-1.31342075,0.0,0.0
2018-08-30 13:44:50,50.820344983332994,-1.31342445,0.0,0.0
2018-08-30 13:44:51,50.820343066667,-1.3134286333333,0.0,0.0
2018-08-30 13:44:52,50.82034151666701,-1.3134308166667,0.0,0.0
2018-08-30 13:44:53,50.820341266667,-1.313434,0.0,0.0
2018-08-30 13:44:54,50.82034005,-1.3134355166667,0.0,0.0
2018-08-30 13:44:55,50.82033936666701,-1.3134397833333,0.0,0.0
2018-08-30 13:44:56,50.82033845,-1.3134432166667,0.0,0.0
2018-08-30 13:44:57,50.820336683333,-1.3134478333333,0.0,0.0
2018-08-30 13:44:58,50.82033601666701,-1.3134522666667,0.0,0.0
2018-08-30 13:44:59,50.820335733332996,-1.3134583999999998,0.0,0.0
2018-08-30 13:45:00,50.820335899999996,-1.3134624166667,0.0,0.0
2018-08-30 13:45:01,50.820334966667005,-1.3134659333333,0.0,0.0
2018-08-30 13:45:02,50.820333083333,-1.3134698833333,0.0,0.0
2018-08-30 13:45:03,50.820330783333,-1.3134718833333001,0.0,0.0
2018-08-30 13:45:04,50.820329733333,-1.3134748166666999,0.0,0.0
2018-08-30 13:45:05,50.820329983333,-1.3134791000000001,0.0,0.0
2018-08-30 13:45:07,50.820326766667,-1.3134883166667,0.0,0.0
2018-08-30 13:45:08,50.82032365,-1.3134967833333,2.5928,60.1
2018-08-30 13:45:09,50.820319133332994,-1.3135009666667,0.0,0.0
2018-08-30 13:45:10,50.820318083333,-1.3135023166667,0.0,0.0
2018-08-30 13:45:11,50.82031603333299,-1.3135037333333,0.0,0.0
2018-08-30 13:45:12,50.820314816667,-1.3135076,0.0,0.0
2018-08-30 13:45:13,50.820315316667006,-1.3135091833333001,0.0,0.0
2018-08-30 13:45:14,50.82031385,-1.3135112833333,0.0,0.0
2018-08-30 13:45:15,50.820311,-1.31351505,0.0,0.0
2018-08-30 13:45:16,50.82030836666701,-1.3135173999999998,0.0,0.0
2018-08-30 13:45:17,50.820306466667006,-1.3135208333333002,0.0,0.0
2018-08-30 13:45:18,50.8203045,-1.3135229333333,0.0,0.0
2018-08-30 13:45:19,50.820302233332995,-1.3135272833333,0.0,0.0
2018-08-30 13:45:20,50.820298933333,-1.3135319833333001,0.0,0.0
2018-08-30 13:45:21,50.820297833332994,-1.3135371833333,0.0,0.0
2018-08-30 13:45:22,50.820296083333,-1.3135392833333,0.0,0.0
2018-08-30 13:45:23,50.820292133333,-1.31354465,0.0,0.0
2018-08-30 13:45:24,50.82029025,-1.3135505166666999,0.0,0.0
2018-08-30 13:45:25,50.820288700000006,-1.3135564666667,0.0,0.0
2018-08-30 13:45:26,50.820288533333,-1.3135607333333001,0.0,0.0
2018-08-30 13:45:27,50.820287033332995,-1.3135660166667,0.0,0.0
2018-08-30 13:45:28,50.82028468333299,-1.3135719666666998,0.0,0.0
2018-08-30 13:45:29,50.820281833333,-1.3135792666666999,0.0,0.0
2018-08-30 13:45:30,50.820282500000005,-1.3135842833333,0.0,0.0
2018-08-30 13:45:31,50.820283416667,-1.3135893166666999,0.0,0.0
2018-08-30 13:45:32,50.820282466667,-1.31359385,0.0,0.0
2018-08-30 13:45:33,50.820281866667,-1.3135981166667,0.0,0.0
2018-08-30 13:45:35,50.8202815,-1.3136065833333002,0.0,0.0
2018-08-30 13:45:36,50.820281033332996,-1.3136094333333002,0.0,0.0
2018-08-30 13:45:37,50.82028145,-1.31361455,0.0,0.0
2018-08-30 13:45:38,50.820280033333,-1.3136190666667,0.0,0.0
2018-08-30 13:45:39,50.820279366667,-1.3136235166666999,0.0,0.0
2018-08-30 13:45:40,50.82027835,-1.3136270333333,0.0,0.0
2018-08-30 13:45:41,50.820275333332994,-1.3136313999999998,0.0,0.0
2018-08-30 13:45:42,50.820275883333,-1.3136309,0.0,0.0
2018-08-30 13:45:43,50.820275883333,-1.3136309,1.8519999999999999,60.5
2018-08-30 13:45:44,50.820276333333,-1.3136351666666999,0.0,0.0
2018-08-30 13:45:45,50.8202753,-1.3136382666667,0.0,0.0
2018-08-30 13:45:46,50.820274666667004,-1.31364355,0.0,0.0
2018-08-30 13:45:47,50.820273666667006,-1.3136485833333,0.0,0.0
2018-08-30 13:45:48,50.820273033332995,-1.3136522666666999,0.0,0.0
2018-08-30 13:45:49,50.820272366667005,-1.3136568833333,0.0,0.0
2018-08-30 13:45:50,50.820270683333,-1.31365965,0.0,0.0
2018-08-30 13:45:51,50.820270766667,-1.31366215,0.0,0.0
2018-08-30 13:45:52,50.82027085,-1.3136666000000001,0.0,0.0
2018-08-30 13:45:53,50.820269266667005,-1.3136719666667,0.0,0.0
2018-08-30 13:45:54,50.820267833333,-1.3136749,0.0,0.0
2018-08-30 13:45:55,50.820266616667006,-1.3136770833333,0.0,0.0
2018-08-30 13:45:56,50.82026485,-1.31367925,0.0,0.0
2018-08-30 13:45:57,50.82026285,-1.3136819333333,0.0,0.0
2018-08-30 13:45:58,50.82026255,-1.3136842833333,0.0,0.0
2018-08-30 13:45:59,50.820262799999995,-1.3136861333333,0.0,0.0
2018-08-30 13:46:00,50.82026255,-1.3136873833333,0.0,0.0
2018-08-30 13:46:01,50.82025945,-1.3136907333333,0.0,0.0
2018-08-30 13:46:02,50.820255766667,-1.3136939166666999,0.0,0.0
2018-08-30 13:46:03,50.820254666667005,-1.3136950166666999,0.0,0.0
2018-08-30 13:46:04,50.820254466667,-1.3136966833333001,0.0,0.0
2018-08-30 13:46:06,50.820252833332994,-1.3136991166667,0.0,0.0
2018-08-30 13:46:07,50.820251783333,-1.3137013000000002,0.0,0.0
2018-08-30 13:46:08,50.820251533333,-1.3137004666667,0.0,0.0
2018-08-30 13:46:09,50.820250266667,-1.3137033999999999,0.0,0.0
2018-08-30 13:46:10,50.820248933333,-1.3137044833333,0.0,0.0
2018-08-30 13:46:11,50.820245283332994,-1.3137071666667,0.0,0.0
2018-08-30 13:46:12,50.82024365,-1.3137109333333001,0.0,0.0
2018-08-30 13:46:13,50.82024085,-1.3137140333333,0.0,0.0
2018-08-30 13:46:14,50.82023966666701,-1.3137168833333,0.0,0.0
2018-08-30 13:46:15,50.820238,-1.3137214166667,0.0,0.0
2018-08-30 13:46:16,50.820238200000006,-1.3137232666667,0.0,0.0
2018-08-30 13:46:17,50.820238583332994,-1.3137254333333002,0.0,0.0
2018-08-30 13:46:18,50.820236983333,-1.3137265333333001,0.0,0.0
2018-08-30 13:46:19,50.820234183333,-1.3137302166667,0.0,0.0
2018-08-30 13:46:20,50.820231366667,-1.3137327333333,0.0,0.0
2018-08-30 13:46:21,50.820228733332996,-1.3137339833333002,0.0,0.0
2018-08-30 13:46:22,50.820229233332995,-1.3137335666667,0.0,0.0
2018-08-30 13:46:23,50.8202279,-1.3137361666667,0.0,0.0
2018-08-30 13:46:24,50.820228433333,-1.3137358333333,0.0,0.0
2018-08-30 13:46:25,50.820228433333,-1.3137358333333,0.0,0.0
2018-08-30 13:46:26,50.820227933332994,-1.3137366666666999,0.0,0.0
2018-08-30 13:46:27,50.820226683333,-1.3137376833333,0.0,0.0
2018-08-30 13:46:28,50.820226516667006,-1.3137396833333002,0.0,0.0
2018-08-30 13:46:29,50.82022475,-1.3137402,0.0,0.0
2018-08-30 13:46:30,50.820224200000006,-1.3137396000000001,0.0,0.0
2018-08-30 13:46:32,50.820224033333,-1.3137417833333,0.0,0.0
2018-08-30 13:46:33,50.820224200000006,-1.3137427,0.0,0.0
2018-08-30 13:46:34,50.820224200000006,-1.3137427,0.0,0.0
2018-08-30 13:46:35,50.82022328333299,-1.3137444666667,0.0,0.0
2018-08-30 13:46:36,50.820221983333,-1.3137457166667,0.0,0.0
2018-08-30 13:46:37,50.820220016667,-1.3137473999999998,0.0,0.0
2018-08-30 13:46:38,50.82021625,-1.3137485666667,0.0,0.0
2018-08-30 13:46:39,50.820213266667004,-1.3137495000000001,0.0,0.0
2018-08-30 13:46:40,50.820210416667,-1.3137510833333002,0.0,0.0
2018-08-30 13:46:41,50.8202092,-1.3137525166667,0.0,0.0
2018-08-30 13:46:42,50.82020845,-1.3137542666667,0.0,0.0
2018-08-30 13:46:43,50.82020505,-1.3137556166667,0.0,0.0
2018-08-30 13:46:44,50.82020245,-1.3137581333333002,0.0,0.0
2018-08-30 13:46:45,50.820200316667005,-1.3137605666667,0.0,0.0
2018-08-30 13:46:46,50.82019683333299,-1.3137630666667,0.0,0.0
2018-08-30 13:46:47,50.82019675,-1.3137650833333,0.0,0.0
2018-08-30 13:46:48,50.8201963,-1.31376735,0.0,0.0
2018-08-30 13:46:49,50.820194116667004,-1.3137686000000002,0.0,0.0
2018-08-30 13:46:50,50.8201939,-1.3137708666666998,0.0,0.0
2018-08-30 13:46:51,50.82019466666701,-1.3137718,0.0,0.0
2018-08-30 13:46:52,50.820194916667006,-1.31377255,0.0,0.0
2018-08-30 13:46:53,50.820194366667,-1.3137772333333,0.0,0.0
2018-08-30 13:46:54,50.820194366667,-1.3137772333333,0.0,0.0
2018-08-30 13:46:55,50.820192933333,-1.3137837833333001,0.0,0.0
2018-08-30 13:46:56,50.820192016667,-1.31378805,0.0,0.0
2018-08-30 13:46:57,50.820190766667004,-1.31379165,0.0,0.0
2018-08-30 13:46:59,50.82018875,-1.3137985333333,0.0,0.0
2018-08-30 13:47:00,50.82018875,-1.3138016333333,0.0,0.0
2018-08-30 13:47:01,50.820186116667,-1.3138040666667,0.0,0.0
2018-08-30 13:47:02,50.820184399999995,-1.3138066666666999,0.0,0.0
2018-08-30 13:47:03,50.820185733333,-1.3138100166667,0.0,0.0
2018-08-30 13:47:04,50.820184683333,-1.3138151333333001,0.0,0.0
2018-08-30 13:47:05,50.820183433333,-1.31382075,0.0,0.0
2018-08-30 13:47:06,50.820182,-1.3138246833333,0.0,0.0
2018-08-30 13:47:07,50.820180166667,-1.3138277,0.0,0.0
2018-08-30 13:47:08,50.820179316667,-1.3138312166666999,0.0,0.0
2018-08-30 13:47:09,50.8201776,-1.3138334833333,0.0,0.0
2018-08-30 13:47:10,50.8201768,-1.3138382666667,0.0,0.0
2018-08-30 13:47:11,50.820175216667,-1.3138432833333,0.0,0.0
2018-08-30 13:47:12,50.820172066667006,-1.3138473166667,0.0,0.0
2018-08-30 13:47:13,50.820168966667005,-1.3138508333333,1.8519999999999999,59.6
2018-08-30 13:47:14,50.820166033332995,-1.3138542666667,0.0,0.0
2018-08-30 13:47:15,50.820161633332994,-1.3138598833333,0.0,0.0
2018-08-30 13:47:16,50.82015911666701,-1.3138658333333,0.0,0.0
2018-08-30 13:47:17,50.820157366667004,-1.3138703666667,0.0,0.0
2018-08-30 13:47:18,50.820157366667004,-1.3138749666667,0.0,0.0
2018-08-30 13:47:19,50.820155816667004,-1.3138804166667,0.0,0.0
2018-08-30 13:47:20,50.820153916667,-1.3138840333333,0.0,0.0
2018-08-30 13:47:21,50.820151533333,-1.3138883,0.0,0.0
2018-08-30 13:47:22,50.82015095,-1.3138930833333,0.0,0.0
2018-08-30 13:47:23,50.820149483333,-1.31389735,0.0,0.0
2018-08-30 13:47:24,50.820148100000004,-1.31390155,0.0,0.0
2018-08-30 13:47:26,50.820147133332995,-1.3139090833333,0.0,0.0
2018-08-30 13:47:27,50.820146,-1.3139130333333,0.0,0.0
2018-08-30 13:47:28,50.8201442,-1.3139178,0.0,0.0
2018-08-30 13:47:29,50.82014273333299,-1.3139226666666999,0.0,0.0
2018-08-30 13:47:30,50.820141516667,-1.3139276166667,0.0,0.0
2018-08-30 13:47:31,50.8201395,-1.31393205,0.0,0.0
2018-08-30 13:47:32,50.820138283332994,-1.3139360833333,0.0,0.0
2018-08-30 13:47:33,50.8201364,-1.31393985,0.0,0.0
2018-08-30 13:47:34,50.820135533332994,-1.3139442,0.0,0.0
2018-08-30 13:47:35,50.820134483333,-1.3139477333333,0.0,0.0
2018-08-30 13:47:36,50.82013326666701,-1.3139511666666999,0.0,0.0
2018-08-30 13:47:37,50.820131966667006,-1.3139546,0.0,0.0
2018-08-30 13:47:38,50.820131666667,-1.3139599666667,0.0,0.0
2018-08-30 13:47:39,50.820130366667,-1.3139625666666999,0.0,0.0
2018-08-30 13:47:40,50.820128983333,-1.3139670833333001,0.0,0.0
2018-08-30 13:47:41,50.820127516667,-1.3139711166666999,0.0,0.0
2018-08-30 13:47:42,50.8201266,-1.3139759666667,0.0,0.0
2018-08-30 13:47:43,50.820126633333,-1.3139799166666999,0.0,0.0
2018-08-30 13:47:44,50.820125466667,-1.3139851999999999,0.0,0.0
2018-08-30 13:47:45,50.82012455,-1.3139914,0.0,0.0
2018-08-30 13:47:46,50.820123166667,-1.3139972666667,0.0,0.0
2018-08-30 13:47:47,50.820121983332996,-1.3140033833333,0.0,0.0
2018-08-30 13:47:48,50.820121616667,-1.3140079166667,0.0,0.0
2018-08-30 13:47:50,50.8201214,-1.3140177166667,0.0,0.0
2018-08-30 13:47:51,50.820122066667004,-1.3140225833333001,0.0,0.0
2018-08-30 13:47:52,50.8201219,-1.3140281999999999,0.0,0.0
2018-08-30 13:47:53,50.82012195,-1.3140343166667,0.0,0.0
2018-08-30 13:47:54,50.820121233333,-1.3140397666666999,0.0,0.0
2018-08-30 13:47:55,50.820122116667,-1.3140441166666998,0.0,0.0
2018-08-30 13:47:56,50.82012195,-1.3140488166667,0.0,0.0
2018-08-30 13:47:57,50.82012115,-1.31405325,0.0,0.0
2018-08-30 13:47:58,50.8201222,-1.3140576166667,0.0,0.0
2018-08-30 13:47:59,50.820121233333,-1.3140622166667,0.0,0.0
2018-08-30 13:48:00,50.8201214,-1.3140674166667,0.0,0.0
2018-08-30 13:48:01,50.820121016667,-1.3140711999999999,0.0,0.0
2018-08-30 13:48:02,50.820121616667,-1.3140748833333,0.0,0.0
2018-08-30 13:48:03,50.820122833332995,-1.3140787333333002,0.0,0.0
2018-08-30 13:48:04,50.820122483332995,-1.3140836,0.0,0.0
2018-08-30 13:48:05,50.820123416667,-1.3140888833333,0.0,0.0
2018-08-30 13:48:06,50.82012375,-1.31409425,0.0,0.0
2018-08-30 13:48:07,50.820124299999996,-1.31409885,0.0,0.0
2018-08-30 13:48:08,50.820124216667004,-1.3141032166667,0.0,0.0
2018-08-30 13:48:09,50.820123200000005,-1.3141072333333002,0.0,0.0
2018-08-30 13:48:10,50.8201214,-1.3141125166667,0.0,0.0
2018-08-30 13:48:11,50.820120183332996,-1.3141168666667,0.0,0.0
2018-08-30 13:48:12,50.820120933332994,-1.3141207333333,0.0,0.0
2018-08-30 13:48:13,50.820118383332996,-1.3141260166667,0.0,0.0
2018-08-30 13:48:14,50.820117916667,-1.3141310333333,0.0,0.0
2018-08-30 13:48:15,50.8201165,-1.3141363166667,0.0,0.0
2018-08-30 13:48:16,50.820116033332994,-1.3141414333333001,0.0,0.0
2018-08-30 13:48:18,50.820116999999996,-1.3141504,0.0,0.0
2018-08-30 13:48:19,50.820116033332994,-1.3141540833333,0.0,0.0
2018-08-30 13:48:20,50.820116666667005,-1.3141585333333001,0.0,0.0
2018-08-30 13:48:21,50.820117166667,-1.31416205,0.0,0.0
2018-08-30 13:48:22,50.8201167,-1.3141660833333,0.0,0.0
2018-08-30 13:48:23,50.820116666667005,-1.3141702666667,0.0,0.0
2018-08-30 13:48:24,50.8201167,-1.3141735333333,0.0,0.0
2018-08-30 13:48:25,50.820118683333,-1.3141758833333002,0.0,0.0
2018-08-30 13:48:26,50.820119983332994,-1.3141790666667,0.0,0.0
2018-08-30 13:48:27,50.820119216667,-1.3141846000000001,0.0,0.0
2018-08-30 13:48:28,50.82011835,-1.31418845,0.0,0.0
2018-08-30 13:48:29,50.82011705,-1.3141927333333001,0.0,0.0
2018-08-30 13:48:30,50.82011628333299,-1.3141987666666999,0.0,0.0
2018-08-30 13:48:31,50.82011445,-1.3142033833333,0.0,0.0
2018-08-30 13:48:32,50.820115866667,-1.3142073166666999,0.0,0.0
2018-08-30 13:48:33,50.820115783332994,-1.31421,0.0,0.0
2018-08-30 13:48:34,50.820116966667,-1.3142127666666998,0.0,0.0
2018-08-30 13:48:35,50.82011628333299,-1.3142124333333,0.0,0.0
2018-08-30 13:48:36,50.820117633333,-1.3142139333333,0.0,0.0
2018-08-30 13:48:37,50.820117716667006,-1.3142179666667,0.0,0.0
2018-08-30 13:48:38,50.82011843333299,-1.31422165,0.0,0.0
2018-08-30 13:48:40,50.820118933333,-1.3142292,0.0,0.0
2018-08-30 13:48:41,50.820119466667,-1.3142323,0.0,0.0
2018-08-30 13:48:42,50.820119299999995,-1.3142353999999998,0.0,0.0
2018-08-30 13:48:43,50.82011905,-1.3142384166667,0.0,0.0
2018-08-30 13:48:44,50.820119899999995,-1.3142438666667,0.0,0.0
2018-08-30 13:48:45,50.820118216667005,-1.3142492166667,0.0,0.0
2018-08-30 13:48:46,50.820117083332995,-1.3142546666666999,0.0,0.0
2018-08-30 13:48:47,50.820116833332996,-1.31425795,0.0,0.0
2018-08-30 13:48:48,50.82011688333299,-1.31426105,0.0,0.0
2018-08-30 13:48:49,50.820116833332996,-1.3142645666666999,0.0,0.0
2018-08-30 13:48:50,50.820118766667,-1.3142676666667,0.0,0.0
2018-08-30 13:48:51,50.820119733332994,-1.3142714333333,0.0,0.0
2018-08-30 13:48:52,50.820119983332994,-1.3142748666667,0.0,0.0
2018-08-30 13:48:53,50.820120983333,-1.3142780666667,0.0,0.0
2018-08-30 13:48:54,50.820120433332995,-1.31428225,0.0,0.0
2018-08-30 13:48:55,50.82012085,-1.3142861833333002,0.0,0.0
2018-08-30 13:48:56,50.820118683333,-1.3142907166667,0.0,0.0
2018-08-30 13:48:57,50.8201183,-1.3142954166667,0.0,0.0
2018-08-30 13:48:58,50.82011808333299,-1.3143022833333,0.0,0.0
2018-08-30 13:48:59,50.820114983333,-1.3143063833333,0.0,0.0
2018-08-30 13:49:00,50.820111883333,-1.31430975,0.0,0.0
2018-08-30 13:49:01,50.8201123,-1.3143151000000002,0.0,0.0
2018-08-30 13:49:03,50.820114616667006,-1.3143254166667,0.0,0.0
2018-08-30 13:49:04,50.820116799999994,-1.3143321166667,0.0,0.0
2018-08-30 13:49:05,50.82011746666701,-1.31433505,0.0,0.0
2018-08-30 13:49:06,50.820117166667,-1.3143399166667,0.0,0.0
2018-08-30 13:49:07,50.820117416667,-1.3143425166667,0.0,0.0
2018-08-30 13:49:08,50.8201165,-1.3143463666667,0.0,0.0
2018-08-30 13:49:09,50.82011411666701,-1.3143498833333,0.0,0.0
2018-08-30 13:49:10,50.820115366667004,-1.31435265,0.0,0.0
2018-08-30 13:49:11,50.820112433332994,-1.31435785,0.0,0.0
2018-08-30 13:49:12,50.82011055,-1.3143638000000002,0.0,0.0
2018-08-30 13:49:13,50.820110083333,-1.3143675,0.0,0.0
2018-08-30 13:49:14,50.820109966667005,-1.3143721000000002,0.0,0.0
2018-08-30 13:49:15,50.820109916667,-1.3143768,0.0,0.0
2018-08-30 13:49:16,50.82010820000001,-1.3143813166667,0.0,0.0
2018-08-30 13:49:17,50.820107733332996,-1.3143875333333002,0.0,0.0
2018-08-30 13:49:18,50.820107816667004,-1.31439365,0.0,0.0
2018-08-30 13:49:19,50.8201054,-1.3143980833333,0.0,0.0
2018-08-30 13:49:20,50.820105433333,-1.3144028666667,0.0,0.0
2018-08-30 13:49:21,50.820105983332994,-1.3144063,0.0,0.0
2018-08-30 13:49:22,50.820106433332995,-1.31440915,0.0,0.0
2018-08-30 13:49:23,50.820105433333,-1.3144131666667,0.0,0.0
2018-08-30 13:49:24,50.820106516667,-1.3144152666667,0.0,0.0
2018-08-30 13:49:25,50.8201072,-1.31442005,0.0,0.0
2018-08-30 13:49:27,50.82010346666701,-1.3144282666667,0.0,0.0
2018-08-30 13:49:28,50.820102716667,-1.3144341333333,0.0,0.0
2018-08-30 13:49:29,50.820102466667,-1.3144383999999998,0.0,0.0
2018-08-30 13:49:30,50.82010125,-1.3144413333333,0.0,0.0
2018-08-30 13:49:31,50.820099533333,-1.3144457,0.0,0.0
2018-08-30 13:49:32,50.8200989,-1.3144514833333,0.0,0.0
2018-08-30 13:49:33,50.8200989,-1.31445625,0.0,0.0
2018-08-30 13:49:34,50.820098433332994,-1.3144617833333,0.0,0.0
2018-08-30 13:49:35,50.820098733333,-1.3144672333333,0.0,0.0
2018-08-30 13:49:36,50.820099866667,-1.3144712666667,0.0,0.0
2018-08-30 13:49:37,50.82010145,-1.3144743666667,0.0,0.0
2018-08-30 13:49:38,50.82010263333299,-1.3144797333333,0.0,0.0
2018-08-30 13:49:39,50.820103633333,-1.3144838333333,0.0,0.0
2018-08-30 13:49:40,50.820103716667006,-1.3144859333333,0.0,0.0
2018-08-30 13:49:41,50.82010443333299,-1.3144896166667,0.0,0.0
2018-08-30 13:49:42,50.820105316667004,-1.31449355,0.0,0.0
2018-08-30 13:49:43,50.820104133333,-1.3144999333333,0.0,0.0
2018-08-30 13:49:44,50.820102833332996,-1.31450555,0.0,0.0
2018-08-30 13:49:45,50.82010108333299,-1.31451225,0.0,0.0
2018-08-30 13:49:46,50.820099733332995,-1.3145165166666999,0.0,0.0
2018-08-30 13:49:47,50.820098516667,-1.3145225666667,0.0,0.0
2018-08-30 13:49:49,50.820097466667,-1.3145330333333,0.0,0.0
2018-08-30 13:49:50,50.82009771666701,-1.3145351333333,0.0,0.0
2018-08-30 13:49:51,50.82009655,-1.3145374,0.0,0.0
2018-08-30 13:49:52,50.820094416667004,-1.3145413333333,0.0,0.0
2018-08-30 13:49:53,50.82009378333299,-1.31454595,0.0,0.0
2018-08-30 13:49:54,50.820093533332994,-1.3145487166667,0.0,0.0
2018-08-30 13:49:55,50.82009281666701,-1.3145512166667,0.0,0.0
2018-08-30 13:49:56,50.82009198333299,-1.3145572666667,0.0,0.0
2018-08-30 13:49:57,50.820091266667006,-1.3145623666667,0.0,0.0
2018-08-30 13:49:58,50.820089216667,-1.3145638000000002,0.0,0.0
2018-08-30 13:49:59,50.820085866667,-1.3145674833333,0.0,0.0
2018-08-30 13:50:00,50.82008515,-1.3145704166667,0.0,0.0
2018-08-30 13:50:01,50.820083816667,-1.3145732666667,0.0,0.0
2018-08-30 13:50:02,50.820084433332994,-1.3145758666667,0.0,0.0
2018-08-30 13:50:03,50.820085016667,-1.3145807333333,0.0,0.0
2018-08-30 13:50:04,50.820084983333,-1.314584,0.0,0.0
2018-08-30 13:50:05,50.820084183332995,-1.3145877666666999,0.0,0.0
2018-08-30 13:50:06,50.820081916667,-1.3145882666667,0.0,0.0
2018-08-30 13:50:07,50.820080033333,-1.3145910333333,0.0,0.0
2018-08-30 13:50:08,50.82007715,-1.3145949,0.0,0.0
2018-08-30 13:50:09,50.820077183333,-1.3146000833333,0.0,0.0
2018-08-30 13:50:10,50.820076466667004,-1.3146036166667,0.0,0.0
2018-08-30 13:50:11,50.8200763,-1.3146083833333,0.0,0.0
2018-08-30 13:50:12,50.820073883332995,-1.3146124166667,0.0,0.0
2018-08-30 13:50:13,50.82007186666701,-1.3146187,0.0,0.0
2018-08-30 13:50:14,50.820070183332994,-1.3146217166667,0.0,0.0
2018-08-30 13:50:16,50.820064066667,-1.3146310166667,0.0,0.0
2018-08-30 13:50:17,50.82006415,-1.3146348833333001,0.0,0.0
2018-08-30 13:50:18,50.820065083333,-1.3146397333333,0.0,0.0
2018-08-30 13:50:19,50.820063316667,-1.3146461,0.0,0.0
2018-08-30 13:50:20,50.820061883333,-1.31465155,0.0,0.0
2018-08-30 13:50:21,50.820061266667004,-1.3146564166666999,2.0372,60.1
2018-08-30 13:50:22,50.820062266667,-1.3146627,0.0,0.0
2018-08-30 13:50:23,50.820061966667005,-1.3146658833333,0.0,0.0
2018-08-30 13:50:24,50.8200605,-1.3146705833333001,0.0,0.0
2018-08-30 13:50:25,50.82005875,-1.3146761166667,0.0,0.0
2018-08-30 13:50:26,50.82005715,-1.31468165,0.0,0.0
2018-08-30 13:50:27,50.820056183332994,-1.3146876,0.0,0.0
2018-08-30 13:50:28,50.82005631666701,-1.31469355,0.0,0.0
2018-08-30 13:50:29,50.820057616667,-1.314699,0.0,0.0
2018-08-30 13:50:30,50.820060466667,-1.3147011833333,0.0,0.0
2018-08-30 13:50:31,50.82006155,-1.3147046999999998,0.0,0.0
2018-08-30 13:50:32,50.82006301666701,-1.3147082166667,0.0,0.0
2018-08-30 13:50:33,50.820064316667,-1.31471165,0.0,0.0
2018-08-30 13:50:34,50.82006553333299,-1.3147169333333,0.0,0.0
2018-08-30 13:50:35,50.8200652,-1.3147209666667,0.0,0.0
2018-08-30 13:50:36,50.820067166667,-1.3147249833333001,0.0,0.0
2018-08-30 13:50:37,50.82006855,-1.3147302666667,0.0,0.0
2018-08-30 13:50:38,50.820069316667,-1.3147364666666999,0.0,0.0
2018-08-30 13:50:39,50.82007095,-1.31474175,0.0,0.0
2018-08-30 13:50:40,50.82007375,-1.31474795,0.0,0.0
2018-08-30 13:50:41,50.820073966667,-1.31474845,0.0,0.0
2018-08-30 13:50:42,50.820073583333,-1.3147524666666999,0.0,0.0
2018-08-30 13:50:43,50.820072116667006,-1.3147565,0.0,0.0
2018-08-30 13:50:44,50.820070983333,-1.3147606833333,0.0,0.0
2018-08-30 13:50:46,50.820070983333,-1.3147673166667,0.0,0.0
2018-08-30 13:50:47,50.82007366666701,-1.3147708333333001,0.0,0.0
2018-08-30 13:50:48,50.82007555,-1.3147747666667,0.0,0.0
2018-08-30 13:50:49,50.820075716667006,-1.3147802166667,0.0,0.0
2018-08-30 13:50:50,50.8200745,-1.3147851666666999,0.0,0.0
2018-08-30 13:50:51,50.820073633332996,-1.3147887666667,0.0,0.0
2018-08-30 13:50:52,50.820075266667004,-1.3147928833333,0.0,0.0
2018-08-30 13:50:53,50.820076516667,-1.3147967333333002,0.0,0.0
2018-08-30 13:50:54,50.820076133333,-1.31480125,0.0,0.0
2018-08-30 13:50:55,50.820077316667,-1.3148057833333,0.0,0.0
2018-08-30 13:50:56,50.820075883333,-1.3148123166666998,0.0,0.0
2018-08-30 13:50:57,50.82007618333299,-1.3148160166667,0.0,0.0
2018-08-30 13:50:58,50.8200758,-1.31482045,0.0,0.0
2018-08-30 13:50:59,50.820077399999995,-1.3148249,0.0,0.0
2018-08-30 13:51:00,50.820078533332996,-1.3148298333333,0.0,0.0
2018-08-30 13:51:01,50.820076933333,-1.3148329333333,0.0,0.0
2018-08-30 13:51:02,50.8200751,-1.3148363833333,0.0,0.0
2018-08-30 13:51:03,50.82007275,-1.31484065,0.0,0.0
2018-08-30 13:51:04,50.820072033333,-1.3148433333333,0.0,0.0
2018-08-30 13:51:06,50.820066283333,-1.3148497,0.0,0.0
2018-08-30 13:51:07,50.820065283332994,-1.31485365,0.0,0.0
2018-08-30 13:51:08,50.820064033333,-1.3148576666667,0.0,0.0
2018-08-30 13:51:09,50.820063566667,-1.3148623666666999,0.0,0.0
2018-08-30 13:51:10,50.820064233333,-1.3148648833333,0.0,0.0
2018-08-30 13:51:11,50.820063399999995,-1.3148673,0.0,0.0
2018-08-30 13:51:12,50.82006395,-1.3148699,0.0,0.0
2018-08-30 13:51:13,50.8200657,-1.3148728333333,0.0,0.0
2018-08-30 13:51:14,50.820066666667,-1.3148751833333001,0.0,0.0
2018-08-30 13:51:15,50.82006805,-1.31487845,0.0,0.0
2018-08-30 13:51:16,50.82006679999999,-1.3148816333333,0.0,0.0
2018-08-30 13:51:17,50.820067216667006,-1.31488675,0.0,0.0
2018-08-30 13:51:18,50.8200652,-1.3148910333333002,0.0,0.0
2018-08-30 13:51:19,50.820064200000004,-1.3148925333333001,0.0,0.0
2018-08-30 13:51:20,50.82006205,-1.3148952166666998,0.0,0.0
2018-08-30 13:51:21,50.820060383332994,-1.3148985666667,0.0,0.0
2018-08-30 13:51:22,50.820058533333,-1.314902,0.0,0.0
2018-08-30 13:51:23,50.820058783332996,-1.31490545,0.0,0.0
2018-08-30 13:51:24,50.820058416667,-1.3149119833333,0.0,0.0
2018-08-30 13:51:25,50.820058083332995,-1.3149166,0.0,0.0
2018-08-30 13:51:26,50.820056533332995,-1.31492045,0.0,0.0
2018-08-30 13:51:27,50.82005585,-1.3149244666667,0.0,0.0
2018-08-30 13:51:28,50.820055100000005,-1.3149281666666999,0.0,0.0
2018-08-30 13:51:29,50.820054133332995,-1.3149330166667,0.0,0.0
2018-08-30 13:51:30,50.82005455,-1.3149357833333,0.0,0.0
2018-08-30 13:51:32,50.820054983332994,-1.3149456,0.0,0.0
2018-08-30 13:51:33,50.820056816667005,-1.3149492,0.0,0.0
2018-08-30 13:51:34,50.820056016667,-1.3149519666667,0.0,0.0
2018-08-30 13:51:35,50.820055766667004,-1.31495565,0.0,0.0
2018-08-30 13:51:36,50.820055016667006,-1.3149602666667,0.0,0.0
2018-08-30 13:51:37,50.820058866667004,-1.3149604333333,0.0,0.0
2018-08-30 13:51:38,50.8200618,-1.3149627833333,0.0,0.0
2018-08-30 13:51:39,50.820062433333,-1.3149662166667,0.0,0.0
2018-08-30 13:51:40,50.820063183333,-1.3149683166666999,0.0,0.0
2018-08-30 13:51:41,50.820063516667005,-1.3149703166667,0.0,0.0
2018-08-30 13:51:42,50.820062899999996,-1.3149730833333,0.0,0.0
2018-08-30 13:51:43,50.82006135,-1.31497535,0.0,0.0
2018-08-30 13:51:44,50.820061883333,-1.3149790333333,0.0,0.0
2018-08-30 13:51:45,50.820059883332995,-1.31498255,0.0,0.0
2018-08-30 13:51:46,50.82006005,-1.3149853999999999,0.0,0.0
2018-08-30 13:51:47,50.820060416667005,-1.31498935,0.0,0.0
2018-08-30 13:51:48,50.82006025,-1.31499295,0.0,0.0
2018-08-30 13:51:49,50.82006235,-1.31499715,0.0,0.0
2018-08-30 13:51:50,50.82006395,-1.3150006666667,0.0,0.0
2018-08-30 13:51:51,50.820062983332996,-1.3150061166667,0.0,0.0
2018-08-30 13:51:53,50.820061383333,-1.3150165833333,0.0,0.0
2018-08-30 13:51:54,50.82006,-1.3150191,0.0,0.0
2018-08-30 13:51:55,50.820059833333,-1.3150212833333002,0.0,0.0
2018-08-30 13:51:56,50.820059833333,-1.3150212833333002,0.0,0.0
2018-08-30 13:51:57,50.8200595,-1.3150223666667,0.0,0.0
2018-08-30 13:51:58,50.820057566667,-1.3150253833333,0.0,0.0
2018-08-30 13:51:59,50.82005715,-1.3150275666667,0.0,0.0
2018-08-30 13:52:00,50.82005715,-1.3150275666667,0.0,0.0
2018-08-30 13:52:01,50.8200567,-1.3150304166667,0.0,0.0
2018-08-30 13:52:02,50.820056616667,-1.31503,0.0,0.0
2018-08-30 13:52:03,50.82005695,-1.3150290833333,0.0,0.0
2018-08-30 13:52:04,50.820054433333,-1.3150314166666999,0.0,0.0
2018-08-30 13:52:05,50.820053933333,-1.3150315000000001,0.0,0.0
2018-08-30 13:52:06,50.82005435,-1.3150320166667,0.0,0.0
2018-08-30 13:52:07,50.820053883332996,-1.3150326,0.0,0.0
2018-08-30 13:52:08,50.820053883332996,-1.3150324333333,0.0,0.0
2018-08-30 13:52:09,50.82005405,-1.3150322666667,0.0,0.0
2018-08-30 13:52:10,50.820053416667,-1.31503285,0.0,0.0
2018-08-30 13:52:11,50.820053966667004,-1.3150320166667,0.0,0.0
2018-08-30 13:52:12,50.820053966667004,-1.3150320166667,0.0,0.0
2018-08-30 13:52:13,50.82005305,-1.3150327666666999,0.0,0.0
2018-08-30 13:52:14,50.820052966667006,-1.3150321000000003,0.0,0.0
2018-08-30 13:52:15,50.8200536,-1.3150319333333,0.0,0.0
2018-08-30 13:52:16,50.820052833332994,-1.3150309999999998,0.0,0.0
2018-08-30 13:52:17,50.820052216667,-1.3150308333333,0.0,0.0
2018-08-30 13:52:18,50.820051333333,-1.3150315000000001,0.0,0.0
2018-08-30 13:52:19,50.820050066667,-1.3150322666667,0.0,0.0
2018-08-30 13:52:21,50.82004901666701,-1.3150308333333,0.0,0.0
2018-08-30 13:52:22,50.820046966667,-1.31503185,0.0,0.0
2018-08-30 13:52:23,50.82004635,-1.3150326,0.0,0.0
2018-08-30 13:52:24,50.820045,-1.3150326,0.0,0.0
2018-08-30 13:52:25,50.820044966667005,-1.3150322666667,0.0,0.0
2018-08-30 13:52:26,50.820044966667005,-1.3150322666667,0.0,0.0
2018-08-30 13:52:27,50.820047183332996,-1.31502975,0.0,0.0
2018-08-30 13:52:28,50.820046166667005,-1.31503025,0.0,0.0
2018-08-30 13:52:29,50.820046166667005,-1.31503025,0.0,0.0
2018-08-30 13:52:30,50.820043833332996,-1.3150295,0.0,0.0
2018-08-30 13:52:31,50.82004245,-1.3150315000000001,0.0,0.0
2018-08-30 13:52:32,50.82004265,-1.3150316833333,0.0,0.0
2018-08-30 13:52:33,50.820044166667,-1.3150315000000001,0.0,0.0
2018-08-30 13:52:34,50.820042866667,-1.3150309999999998,0.0,0.0
2018-08-30 13:52:35,50.820042783332994,-1.3150319333333,0.0,0.0
2018-08-30 13:52:36,50.820042366667,-1.3150341833333001,0.0,0.0
2018-08-30 13:52:37,50.820041683332995,-1.3150353666666998,0.0,0.0
2018-08-30 13:52:38,50.820041683332995,-1.3150353666666998,0.0,0.0
2018-08-30 13:52:40,50.82003968333299,-1.3150392166667,0.0,0.0
2018-08-30 13:52:41,50.8200388,-1.31504005,0.0,0.0
2018-08-30 13:52:42,50.820037283332994,-1.3150405666667,0.0,0.0
2018-08-30 13:52:43,50.8200372,-1.3150417333333,0.0,0.0
2018-08-30 13:52:44,50.820037616667,-1.3150441666666999,0.0,0.0
2018-08-30 13:52:45,50.820037033332994,-1.3150443333333,0.0,0.0
2018-08-30 13:52:46,50.820037033332994,-1.3150443333333,0.0,0.0
2018-08-30 13:52:47,50.820037283332994,-1.3150476,0.0,0.0
2018-08-30 13:52:48,50.82003716666701,-1.3150492,0.0,0.0
2018-08-30 13:52:49,50.820035983333,-1.3150507,0.0,0.0
2018-08-30 13:52:50,50.820035983333,-1.3150507,0.0,0.0
2018-08-30 13:52:51,50.820036533332996,-1.3150531333333,0.0,0.0
2018-08-30 13:52:52,50.82003753333299,-1.3150531333333,0.0,0.0
2018-08-30 13:52:53,50.82003573333299,-1.3150531333333,0.0,0.0
2018-08-30 13:52:54,50.820036116667005,-1.3150553999999999,0.0,0.0
2018-08-30 13:52:55,50.820036116667005,-1.3150553999999999,0.0,0.0
2018-08-30 13:52:56,50.820036033333,-1.3150572333333002,0.0,0.0
2018-08-30 13:52:57,50.820035700000005,-1.3150570666666999,0.0,0.0
2018-08-30 13:52:58,50.82003633333299,-1.31505875,0.0,0.0
2018-08-30 13:52:59,50.82003633333299,-1.31505875,0.0,0.0
2018-08-30 13:53:00,50.820035816667,-1.31506025,0.0,0.0
2018-08-30 13:53:01,50.82003565,-1.3150629333333002,0.0,0.0
2018-08-30 13:53:02,50.820035233332995,-1.31506595,0.0,0.0
2018-08-30 13:53:03,50.820036583333,-1.3150681333333,0.0,0.0
2018-08-30 13:53:04,50.820037616667,-1.31506915,0.0,0.0
2018-08-30 13:53:05,50.820037616667,-1.31506915,0.0,0.0
2018-08-30 13:53:06,50.820037416667006,-1.31507225,0.0,0.0
2018-08-30 13:53:07,50.82003675,-1.3150760166667,0.0,0.0
2018-08-30 13:53:08,50.820035783333,-1.3150760166667,0.0,0.0
2018-08-30 13:53:09,50.820035783333,-1.3150760166667,0.0,0.0
2018-08-30 13:53:11,50.8200344,-1.3150770166666998,0.0,0.0
2018-08-30 13:53:12,50.820032433333,-1.3150818000000002,0.0,0.0
2018-08-30 13:53:13,50.820030716667006,-1.3150859833333,0.0,0.0
2018-08-30 13:53:14,50.820031,-1.3150855666666998,0.0,0.0
2018-08-30 13:53:15,50.820031,-1.3150855666666998,0.0,0.0
2018-08-30 13:53:16,50.820030966667005,-1.3150890833333,0.0,0.0
2018-08-30 13:53:17,50.82003045,-1.3150911,0.0,0.0
2018-08-30 13:53:18,50.820031466667004,-1.3150945333333,0.0,0.0
2018-08-30 13:53:19,50.820032966667,-1.3150954666666999,0.0,0.0
2018-08-30 13:53:20,50.82003201666701,-1.3150959666667,0.0,0.0
2018-08-30 13:53:21,50.82003083333299,-1.31509705,0.0,0.0
2018-08-30 13:53:22,50.82003083333299,-1.31509705,0.0,0.0
2018-08-30 13:53:23,50.82003075,-1.3151015833333,0.0,0.0
2018-08-30 13:53:24,50.82003055,-1.3151051833333,0.0,0.0
2018-08-30 13:53:25,50.820031133332996,-1.31510695,0.0,0.0
2018-08-30 13:53:26,50.820031166667,-1.31511055,0.0,0.0
2018-08-30 13:53:27,50.820029583332996,-1.3151135666667,0.0,0.0
2018-08-30 13:53:28,50.820027983333,-1.3151175,0.0,0.0
2018-08-30 13:53:29,50.820027983333,-1.3151175,0.0,0.0
2018-08-30 13:53:30,50.820026433333,-1.3151200166666999,0.0,0.0
2018-08-30 13:53:31,50.820026433333,-1.3151200166666999,0.0,0.0
2018-08-30 13:53:32,50.820025799999996,-1.31512195,0.0,0.0
2018-08-30 13:53:33,50.820026433333,-1.3151222,0.0,0.0
2018-08-30 13:53:34,50.820026433333,-1.3151222,0.0,0.0
2018-08-30 13:53:36,50.820025266667,-1.3151252166667,0.0,0.0
2018-08-30 13:53:37,50.82002388333299,-1.3151259666667,0.0,0.0
2018-08-30 13:53:38,50.820023966667,-1.3151254666667,0.0,0.0
2018-08-30 13:53:39,50.820024583332994,-1.3151267333333,0.0,0.0
2018-08-30 13:53:40,50.820023633332994,-1.3151306666667,0.0,0.0
2018-08-30 13:53:41,50.820021783333,-1.31513285,0.0,0.0
2018-08-30 13:53:42,50.82002165,-1.31513595,0.0,0.0
2018-08-30 13:53:43,50.820021783333,-1.3151392166667,0.0,0.0
2018-08-30 13:53:44,50.82002095,-1.3151417333333,0.0,0.0
2018-08-30 13:53:45,50.82002095,-1.3151417333333,0.0,0.0
2018-08-30 13:53:46,50.82001935,-1.3151445833333,0.0,0.0
2018-08-30 13:53:47,50.82001935,-1.3151445833333,0.0,0.0
2018-08-30 13:53:48,50.820019433332995,-1.3151471833333002,0.0,0.0
2018-08-30 13:53:49,50.820018766667005,-1.3151486000000001,0.0,0.0
2018-08-30 13:53:50,50.82001785,-1.31515045,0.0,0.0
2018-08-30 13:53:51,50.82001785,-1.31515045,0.0,0.0
2018-08-30 13:53:52,50.820017883332994,-1.3151503666667,0.0,0.0
2018-08-30 13:53:53,50.820017166667,-1.3151528833333002,0.0,0.0
2018-08-30 13:53:54,50.820015083333,-1.3151567333333,0.0,0.0
2018-08-30 13:53:55,50.820012433333,-1.3151553166667,0.0,0.0
2018-08-30 13:53:56,50.820012433333,-1.3151553166667,2.2224,59.5
2018-08-30 13:53:57,50.820012933333,-1.3151563166667,0.0,0.0
2018-08-30 13:53:58,50.82001143333299,-1.3151598333333,0.0,0.0
2018-08-30 13:53:59,50.820014283332995,-1.3151617666667,0.0,0.0
2018-08-30 13:54:00,50.820014283332995,-1.3151617666667,0.0,0.0
2018-08-30 13:54:01,50.820016666667,-1.3151650333333,0.0,0.0
2018-08-30 13:54:02,50.820016666667,-1.3151650333333,0.0,0.0
2018-08-30 13:54:03,50.820016166667,-1.3151641166666999,0.0,0.0
2018-08-30 13:54:05,50.820020899999996,-1.3151593333333,0.0,0.0
2018-08-30 13:54:06,50.820020899999996,-1.3151593333333,0.0,0.0
2018-08-30 13:54:07,50.82002015,-1.3151624333333,0.0,0.0
2018-08-30 13:54:08,50.820021066667,-1.3151610166667,0.0,0.0
2018-08-30 13:54:09,50.820018683333,-1.3151631833333,0.0,0.0
2018-08-30 13:54:10,50.8200196,-1.3151642833333002,0.0,0.0
2018-08-30 13:54:11,50.8200196,-1.3151642833333002,0.0,0.0
2018-08-30 13:54:12,50.820017766667,-1.3151674666667,0.0,0.0
2018-08-30 13:54:13,50.82001629999999,-1.3151710666667,0.0,0.0
2018-08-30 13:54:14,50.820016466667006,-1.3151745000000001,0.0,0.0
2018-08-30 13:54:15,50.82001675,-1.3151771833333001,0.0,0.0
2018-08-30 13:54:16,50.820015783333,-1.3151834666667,0.0,0.0
2018-08-30 13:54:17,50.820014483333,-1.3151867333333,0.0,0.0
2018-08-30 13:54:18,50.820013983333,-1.3151901833333,0.0,0.0
2018-08-30 13:54:19,50.82001575,-1.3151927833333001,0.0,0.0
2018-08-30 13:54:20,50.820017,-1.31519445,0.0,0.0
2018-08-30 13:54:21,50.820018299999994,-1.3151945333333002,0.0,0.0
2018-08-30 13:54:22,50.820018299999994,-1.3151945333333002,0.0,0.0
2018-08-30 13:54:23,50.820017633332995,-1.3151973,0.0,0.0
2018-08-30 13:54:24,50.820017633332995,-1.3151973,0.0,0.0
2018-08-30 13:54:25,50.820017333333,-1.3151999833333001,0.0,0.0
2018-08-30 13:54:26,50.820018633333,-1.3152039166667,0.0,0.0
2018-08-30 13:54:28,50.82001956666701,-1.3152059333333002,0.0,0.0
2018-08-30 13:54:29,50.82001805,-1.3152097833333,0.0,0.0
2018-08-30 13:54:30,50.82001785,-1.3152119666667,0.0,0.0
2018-08-30 13:54:31,50.820016466667006,-1.3152147333333,0.0,0.0
2018-08-30 13:54:32,50.820015000000005,-1.3152168333333,0.0,0.0
2018-08-30 13:54:33,50.820014483333,-1.3152187666667,0.0,0.0
2018-08-30 13:54:34,50.82001466666701,-1.3152211833333,0.0,0.0
2018-08-30 13:54:35,50.82001466666701,-1.3152211833333,0.0,0.0
2018-08-30 13:54:36,50.82001345,-1.3152230333333002,0.0,0.0
2018-08-30 13:54:37,50.82001345,-1.3152246333333,0.0,0.0
2018-08-30 13:54:38,50.82001345,-1.3152246333333,0.0,0.0
2018-08-30 13:54:39,50.82001470000001,-1.31522705,0.0,0.0
2018-08-30 13:54:40,50.820014366667,-1.3152294833333,0.0,0.0
2018-08-30 13:54:41,50.820015999999995,-1.3152325,0.0,0.0
2018-08-30 13:54:42,50.820013533333,-1.3152345166666999,0.0,0.0
2018-08-30 13:54:43,50.820013533333,-1.3152345166666999,0.0,0.0
2018-08-30 13:54:44,50.820013816667,-1.31523645,0.0,0.0
2018-08-30 13:54:45,50.82001210000001,-1.3152393,0.0,0.0
2018-08-30 13:54:46,50.82001185,-1.3152398833333,0.0,0.0
2018-08-30 13:54:47,50.820013366667006,-1.3152413833333,0.0,0.0
2018-08-30 13:54:48,50.8200126,-1.3152445833333,0.0,0.0
2018-08-30 13:54:49,50.820012899999995,-1.3152458333333001,0.0,0.0
2018-08-30 13:54:50,50.82001235,-1.31524675,0.0,0.0
2018-08-30 13:54:51,50.82001025,-1.3152485166666998,0.0,0.0
2018-08-30 13:54:52,50.820009716667,-1.31524985,0.0,0.0
2018-08-30 13:54:53,50.82000955,-1.3152510333333,0.0,0.0
2018-08-30 13:54:54,50.820009666667005,-1.3152517833333,0.0,0.0
2018-08-30 13:54:55,50.820009633332994,-1.3152521166667,0.0,0.0
2018-08-30 13:54:57,50.820009583333,-1.3152522,0.0,0.0
2018-08-30 13:54:58,50.82000955,-1.3152522833333,0.0,0.0
2018-08-30 13:54:59,50.820009583333,-1.3152522833333,0.0,0.0
2018-08-30 13:55:00,50.820009583333,-1.3152523666667,0.0,0.0
